code,name,current,prior
10000000,"Synthetic ""review"" account 000001",1.00,0.00
11000000,Synthetic account 000002,-1.00,0.00
12000000,Synthetic account 000003,1.01,1.00
20000000,Synthetic account 000004,-1.01,-1.00
30000000,Synthetic account 000005,1.02,0.00
40000000,Synthetic account 000006,-1.02,0.00
10000001,Synthetic account 000007,1.03,1.01
11000001,Synthetic account 000008,-1.03,-1.01
12000001,Synthetic account 000009,1.04,0.00
20000001,Synthetic account 000010,-1.04,0.00
30000001,Synthetic account 000011,1.05,1.02
40000001,Synthetic account 000012,-1.05,-1.02
10000002,Synthetic account 000013,1.06,0.00
11000002,Synthetic account 000014,-1.06,0.00
12000002,Synthetic account 000015,1.07,1.03
20000002,Synthetic account 000016,-1.07,-1.03
30000002,Synthetic account 000017,1.08,0.00
40000002,Synthetic account 000018,-1.08,0.00
10000003,Synthetic account 000019,1.09,1.04
11000003,Synthetic account 000020,-1.09,-1.04
12000003,Synthetic account 000021,1.10,0.00
20000003,Synthetic account 000022,-1.10,0.00
30000003,Synthetic account 000023,1.11,1.05
40000003,Synthetic account 000024,-1.11,-1.05
10000004,Synthetic account 000025,1.12,0.00
11000004,Synthetic account 000026,-1.12,0.00
12000004,Synthetic account 000027,1.13,1.06
20000004,Synthetic account 000028,-1.13,-1.06
30000004,Synthetic account 000029,1.14,0.00
40000004,Synthetic account 000030,-1.14,0.00
10000005,Synthetic account 000031,1.15,1.07
11000005,Synthetic account 000032,-1.15,-1.07
12000005,Synthetic account 000033,1.16,0.00
20000005,Synthetic account 000034,-1.16,0.00
30000005,Synthetic account 000035,1.17,1.08
40000005,Synthetic account 000036,-1.17,-1.08
10000006,Synthetic account 000037,1.18,0.00
11000006,Synthetic account 000038,-1.18,0.00
12000006,Synthetic account 000039,1.19,1.09
20000006,Synthetic account 000040,-1.19,-1.09
30000006,Synthetic account 000041,1.20,0.00
40000006,Synthetic account 000042,-1.20,0.00
10000007,Synthetic account 000043,1.21,1.10
11000007,Synthetic account 000044,-1.21,-1.10
12000007,Synthetic account 000045,1.22,0.00
20000007,Synthetic account 000046,-1.22,0.00
30000007,Synthetic account 000047,1.23,1.11
40000007,Synthetic account 000048,-1.23,-1.11
10000008,Synthetic account 000049,1.24,0.00
11000008,Synthetic account 000050,-1.24,0.00
12000008,Synthetic account 000051,1.25,1.12
20000008,Synthetic account 000052,-1.25,-1.12
30000008,Synthetic account 000053,1.26,0.00
40000008,Synthetic account 000054,-1.26,0.00
10000009,Synthetic account 000055,1.27,1.13
11000009,Synthetic account 000056,-1.27,-1.13
12000009,Synthetic account 000057,1.28,0.00
20000009,Synthetic account 000058,-1.28,0.00
30000009,Synthetic account 000059,1.29,1.14
40000009,Synthetic account 000060,-1.29,-1.14
10000010,Synthetic account 000061,1.30,0.00
11000010,Synthetic account 000062,-1.30,0.00
12000010,Synthetic account 000063,1.31,1.15
20000010,Synthetic account 000064,-1.31,-1.15
30000010,Synthetic account 000065,1.32,0.00
40000010,Synthetic account 000066,-1.32,0.00
10000011,Synthetic account 000067,1.33,1.16
11000011,Synthetic account 000068,-1.33,-1.16
12000011,Synthetic account 000069,1.34,0.00
20000011,Synthetic account 000070,-1.34,0.00
30000011,Synthetic account 000071,1.35,1.17
40000011,Synthetic account 000072,-1.35,-1.17
10000012,Synthetic account 000073,1.36,0.00
11000012,Synthetic account 000074,-1.36,0.00
12000012,Synthetic account 000075,1.37,1.18
20000012,Synthetic account 000076,-1.37,-1.18
30000012,Synthetic account 000077,1.38,0.00
40000012,Synthetic account 000078,-1.38,0.00
10000013,Synthetic account 000079,1.39,1.19
11000013,Synthetic account 000080,-1.39,-1.19
12000013,Synthetic account 000081,1.40,0.00
20000013,Synthetic account 000082,-1.40,0.00
30000013,Synthetic account 000083,1.41,1.20
40000013,Synthetic account 000084,-1.41,-1.20
10000014,Synthetic account 000085,1.42,0.00
11000014,Synthetic account 000086,-1.42,0.00
12000014,Synthetic account 000087,1.43,1.21
20000014,Synthetic account 000088,-1.43,-1.21
30000014,Synthetic account 000089,1.44,0.00
40000014,Synthetic account 000090,-1.44,0.00
10000015,Synthetic account 000091,1.45,1.22
11000015,Synthetic account 000092,-1.45,-1.22
12000015,Synthetic account 000093,1.46,0.00
20000015,Synthetic account 000094,-1.46,0.00
30000015,Synthetic account 000095,1.47,1.23
40000015,Synthetic account 000096,-1.47,-1.23
10000016,Synthetic account 000097,1.48,0.00
11000016,Synthetic account 000098,-1.48,0.00
12000016,Synthetic account 000099,1.49,1.24
20000016,Synthetic account 000100,-1.49,-1.24
30000016,Synthetic account 000101,1.50,0.00
40000016,"Synthetic, quoted account 000102",-1.50,0.00
10000017,Synthetic account 000103,1.51,1.25
11000017,Synthetic account 000104,-1.51,-1.25
12000017,Synthetic account 000105,1.52,0.00
20000017,Synthetic account 000106,-1.52,0.00
30000017,Synthetic account 000107,1.53,1.26
40000017,Synthetic account 000108,-1.53,-1.26
10000018,Synthetic account 000109,1.54,0.00
11000018,Synthetic account 000110,-1.54,0.00
12000018,Synthetic account 000111,1.55,1.27
20000018,Synthetic account 000112,-1.55,-1.27
30000018,Synthetic account 000113,1.56,0.00
40000018,Synthetic account 000114,-1.56,0.00
10000019,Synthetic account 000115,1.57,1.28
11000019,Synthetic account 000116,-1.57,-1.28
12000019,Synthetic account 000117,1.58,0.00
20000019,Synthetic account 000118,-1.58,0.00
30000019,Synthetic account 000119,1.59,1.29
40000019,Synthetic account 000120,-1.59,-1.29
10000020,Synthetic account 000121,1.60,0.00
11000020,Synthetic account 000122,-1.60,0.00
12000020,Synthetic account 000123,1.61,1.30
20000020,Synthetic account 000124,-1.61,-1.30
30000020,Synthetic account 000125,1.62,0.00
40000020,Synthetic account 000126,-1.62,0.00
10000021,Synthetic account 000127,1.63,1.31
11000021,Synthetic account 000128,-1.63,-1.31
12000021,Synthetic account 000129,1.64,0.00
20000021,Synthetic account 000130,-1.64,0.00
30000021,Synthetic account 000131,1.65,1.32
40000021,Synthetic account 000132,-1.65,-1.32
10000022,Synthetic account 000133,1.66,0.00
11000022,Synthetic account 000134,-1.66,0.00
12000022,Synthetic account 000135,1.67,1.33
20000022,Synthetic account 000136,-1.67,-1.33
30000022,Synthetic account 000137,1.68,0.00
40000022,Synthetic account 000138,-1.68,0.00
10000023,Synthetic account 000139,1.69,1.34
11000023,Synthetic account 000140,-1.69,-1.34
12000023,Synthetic account 000141,1.70,0.00
20000023,Synthetic account 000142,-1.70,0.00
30000023,Synthetic account 000143,1.71,1.35
40000023,Synthetic account 000144,-1.71,-1.35
10000024,Synthetic account 000145,1.72,0.00
11000024,Synthetic account 000146,-1.72,0.00
12000024,Synthetic account 000147,1.73,1.36
20000024,Synthetic account 000148,-1.73,-1.36
30000024,Synthetic account 000149,1.74,0.00
40000024,Synthetic account 000150,-1.74,0.00
10000025,Synthetic account 000151,1.75,1.37
11000025,Synthetic account 000152,-1.75,-1.37
12000025,Synthetic account 000153,1.76,0.00
20000025,Synthetic account 000154,-1.76,0.00
30000025,Synthetic account 000155,1.77,1.38
40000025,Synthetic account 000156,-1.77,-1.38
10000026,Synthetic account 000157,1.78,0.00
11000026,Synthetic account 000158,-1.78,0.00
12000026,Synthetic account 000159,1.79,1.39
20000026,Synthetic account 000160,-1.79,-1.39
30000026,Synthetic account 000161,1.80,0.00
40000026,Synthetic account 000162,-1.80,0.00
10000027,Synthetic account 000163,1.81,1.40
11000027,Synthetic account 000164,-1.81,-1.40
12000027,Synthetic account 000165,1.82,0.00
20000027,Synthetic account 000166,-1.82,0.00
30000027,Synthetic account 000167,1.83,1.41
40000027,Synthetic account 000168,-1.83,-1.41
10000028,Synthetic account 000169,1.84,0.00
11000028,Synthetic account 000170,-1.84,0.00
12000028,Synthetic account 000171,1.85,1.42
20000028,Synthetic account 000172,-1.85,-1.42
30000028,Synthetic account 000173,1.86,0.00
40000028,Synthetic account 000174,-1.86,0.00
10000029,Synthetic account 000175,1.87,1.43
11000029,Synthetic account 000176,-1.87,-1.43
12000029,Synthetic account 000177,1.88,0.00
20000029,Synthetic account 000178,-1.88,0.00
30000029,Synthetic account 000179,1.89,1.44
40000029,Synthetic account 000180,-1.89,-1.44
10000030,Synthetic account 000181,1.90,0.00
11000030,Synthetic account 000182,-1.90,0.00
12000030,Synthetic account 000183,1.91,1.45
20000030,Synthetic account 000184,-1.91,-1.45
30000030,Synthetic account 000185,1.92,0.00
40000030,Synthetic account 000186,-1.92,0.00
10000031,Synthetic account 000187,1.93,1.46
11000031,Synthetic account 000188,-1.93,-1.46
12000031,Synthetic account 000189,1.94,0.00
20000031,Synthetic account 000190,-1.94,0.00
30000031,Synthetic account 000191,1.95,1.47
40000031,Synthetic account 000192,-1.95,-1.47
10000032,Synthetic account 000193,1.96,0.00
11000032,Synthetic account 000194,-1.96,0.00
12000032,Synthetic account 000195,1.97,1.48
20000032,Synthetic account 000196,-1.97,-1.48
30000032,Synthetic account 000197,1.98,0.00
40000032,Synthetic account 000198,-1.98,0.00
10000033,Synthetic account 000199,1.99,1.49
11000033,Synthetic account 000200,-1.99,-1.49
12000033,Synthetic account 000201,2.00,0.00
20000033,Synthetic account 000202,-2.00,0.00
30000033,"Synthetic, quoted account 000203",2.01,1.50
40000033,Synthetic account 000204,-2.01,-1.50
10000034,Synthetic account 000205,2.02,0.00
11000034,Synthetic account 000206,-2.02,0.00
12000034,Synthetic account 000207,2.03,1.51
20000034,Synthetic account 000208,-2.03,-1.51
30000034,Synthetic account 000209,2.04,0.00
40000034,Synthetic account 000210,-2.04,0.00
10000035,Synthetic account 000211,2.05,1.52
11000035,"Synthetic ""review"" account 000212",-2.05,-1.52
12000035,Synthetic account 000213,2.06,0.00
20000035,Synthetic account 000214,-2.06,0.00
30000035,Synthetic account 000215,2.07,1.53
40000035,Synthetic account 000216,-2.07,-1.53
10000036,Synthetic account 000217,2.08,0.00
11000036,Synthetic account 000218,-2.08,0.00
12000036,Synthetic account 000219,2.09,1.54
20000036,Synthetic account 000220,-2.09,-1.54
30000036,Synthetic account 000221,2.10,0.00
40000036,Synthetic account 000222,-2.10,0.00
10000037,Synthetic account 000223,2.11,1.55
11000037,Synthetic account 000224,-2.11,-1.55
12000037,Synthetic account 000225,2.12,0.00
20000037,Synthetic account 000226,-2.12,0.00
30000037,Synthetic account 000227,2.13,1.56
40000037,Synthetic account 000228,-2.13,-1.56
10000038,Synthetic account 000229,2.14,0.00
11000038,Synthetic account 000230,-2.14,0.00
12000038,Synthetic account 000231,2.15,1.57
20000038,Synthetic account 000232,-2.15,-1.57
30000038,Synthetic account 000233,2.16,0.00
40000038,Synthetic account 000234,-2.16,0.00
10000039,Synthetic account 000235,2.17,1.58
11000039,Synthetic account 000236,-2.17,-1.58
12000039,Synthetic account 000237,2.18,0.00
20000039,Synthetic account 000238,-2.18,0.00
30000039,Synthetic account 000239,2.19,1.59
40000039,Synthetic account 000240,-2.19,-1.59
10000040,Synthetic account 000241,2.20,0.00
11000040,Synthetic account 000242,-2.20,0.00
12000040,Synthetic account 000243,2.21,1.60
20000040,Synthetic account 000244,-2.21,-1.60
30000040,Synthetic account 000245,2.22,0.00
40000040,Synthetic account 000246,-2.22,0.00
10000041,Synthetic account 000247,2.23,1.61
11000041,Synthetic account 000248,-2.23,-1.61
12000041,Synthetic account 000249,2.24,0.00
20000041,Synthetic account 000250,-2.24,0.00
30000041,Synthetic account 000251,2.25,1.62
40000041,Synthetic account 000252,-2.25,-1.62
10000042,Synthetic account 000253,2.26,0.00
11000042,Synthetic account 000254,-2.26,0.00
12000042,Synthetic account 000255,2.27,1.63
20000042,Synthetic account 000256,-2.27,-1.63
30000042,Synthetic account 000257,2.28,0.00
40000042,Synthetic account 000258,-2.28,0.00
10000043,Synthetic account 000259,2.29,1.64
11000043,Synthetic account 000260,-2.29,-1.64
12000043,Synthetic account 000261,2.30,0.00
20000043,Synthetic account 000262,-2.30,0.00
30000043,Synthetic account 000263,2.31,1.65
40000043,Synthetic account 000264,-2.31,-1.65
10000044,Synthetic account 000265,2.32,0.00
11000044,Synthetic account 000266,-2.32,0.00
12000044,Synthetic account 000267,2.33,1.66
20000044,Synthetic account 000268,-2.33,-1.66
30000044,Synthetic account 000269,2.34,0.00
40000044,Synthetic account 000270,-2.34,0.00
10000045,Synthetic account 000271,2.35,1.67
11000045,Synthetic account 000272,-2.35,-1.67
12000045,Synthetic account 000273,2.36,0.00
20000045,Synthetic account 000274,-2.36,0.00
30000045,Synthetic account 000275,2.37,1.68
40000045,Synthetic account 000276,-2.37,-1.68
10000046,Synthetic account 000277,2.38,0.00
11000046,Synthetic account 000278,-2.38,0.00
12000046,Synthetic account 000279,2.39,1.69
20000046,Synthetic account 000280,-2.39,-1.69
30000046,Synthetic account 000281,2.40,0.00
40000046,Synthetic account 000282,-2.40,0.00
10000047,Synthetic account 000283,2.41,1.70
11000047,Synthetic account 000284,-2.41,-1.70
12000047,Synthetic account 000285,2.42,0.00
20000047,Synthetic account 000286,-2.42,0.00
30000047,Synthetic account 000287,2.43,1.71
40000047,Synthetic account 000288,-2.43,-1.71
10000048,Synthetic account 000289,2.44,0.00
11000048,Synthetic account 000290,-2.44,0.00
12000048,Synthetic account 000291,2.45,1.72
20000048,Synthetic account 000292,-2.45,-1.72
30000048,Synthetic account 000293,2.46,0.00
40000048,Synthetic account 000294,-2.46,0.00
10000049,Synthetic account 000295,2.47,1.73
11000049,Synthetic account 000296,-2.47,-1.73
12000049,Synthetic account 000297,2.48,0.00
20000049,Synthetic account 000298,-2.48,0.00
30000049,Synthetic account 000299,2.49,1.74
40000049,Synthetic account 000300,-2.49,-1.74
10000050,Synthetic account 000301,2.50,0.00
11000050,Synthetic account 000302,-2.50,0.00
12000050,Synthetic account 000303,2.51,1.75
20000050,"Synthetic, quoted account 000304",-2.51,-1.75
30000050,Synthetic account 000305,2.52,0.00
40000050,Synthetic account 000306,-2.52,0.00
10000051,Synthetic account 000307,2.53,1.76
11000051,Synthetic account 000308,-2.53,-1.76
12000051,Synthetic account 000309,2.54,0.00
20000051,Synthetic account 000310,-2.54,0.00
30000051,Synthetic account 000311,2.55,1.77
40000051,Synthetic account 000312,-2.55,-1.77
10000052,Synthetic account 000313,2.56,0.00
11000052,Synthetic account 000314,-2.56,0.00
12000052,Synthetic account 000315,2.57,1.78
20000052,Synthetic account 000316,-2.57,-1.78
30000052,Synthetic account 000317,2.58,0.00
40000052,Synthetic account 000318,-2.58,0.00
10000053,Synthetic account 000319,2.59,1.79
11000053,Synthetic account 000320,-2.59,-1.79
12000053,Synthetic account 000321,2.60,0.00
20000053,Synthetic account 000322,-2.60,0.00
30000053,Synthetic account 000323,2.61,1.80
40000053,Synthetic account 000324,-2.61,-1.80
10000054,Synthetic account 000325,2.62,0.00
11000054,Synthetic account 000326,-2.62,0.00
12000054,Synthetic account 000327,2.63,1.81
20000054,Synthetic account 000328,-2.63,-1.81
30000054,Synthetic account 000329,2.64,0.00
40000054,Synthetic account 000330,-2.64,0.00
10000055,Synthetic account 000331,2.65,1.82
11000055,Synthetic account 000332,-2.65,-1.82
12000055,Synthetic account 000333,2.66,0.00
20000055,Synthetic account 000334,-2.66,0.00
30000055,Synthetic account 000335,2.67,1.83
40000055,Synthetic account 000336,-2.67,-1.83
10000056,Synthetic account 000337,2.68,0.00
11000056,Synthetic account 000338,-2.68,0.00
12000056,Synthetic account 000339,2.69,1.84
20000056,Synthetic account 000340,-2.69,-1.84
30000056,Synthetic account 000341,2.70,0.00
40000056,Synthetic account 000342,-2.70,0.00
10000057,Synthetic account 000343,2.71,1.85
11000057,Synthetic account 000344,-2.71,-1.85
12000057,Synthetic account 000345,2.72,0.00
20000057,Synthetic account 000346,-2.72,0.00
30000057,Synthetic account 000347,2.73,1.86
40000057,Synthetic account 000348,-2.73,-1.86
10000058,Synthetic account 000349,2.74,0.00
11000058,Synthetic account 000350,-2.74,0.00
12000058,Synthetic account 000351,2.75,1.87
20000058,Synthetic account 000352,-2.75,-1.87
30000058,Synthetic account 000353,2.76,0.00
40000058,Synthetic account 000354,-2.76,0.00
10000059,Synthetic account 000355,2.77,1.88
11000059,Synthetic account 000356,-2.77,-1.88
12000059,Synthetic account 000357,2.78,0.00
20000059,Synthetic account 000358,-2.78,0.00
30000059,Synthetic account 000359,2.79,1.89
40000059,Synthetic account 000360,-2.79,-1.89
10000060,Synthetic account 000361,2.80,0.00
11000060,Synthetic account 000362,-2.80,0.00
12000060,Synthetic account 000363,2.81,1.90
20000060,Synthetic account 000364,-2.81,-1.90
30000060,Synthetic account 000365,2.82,0.00
40000060,Synthetic account 000366,-2.82,0.00
10000061,Synthetic account 000367,2.83,1.91
11000061,Synthetic account 000368,-2.83,-1.91
12000061,Synthetic account 000369,2.84,0.00
20000061,Synthetic account 000370,-2.84,0.00
30000061,Synthetic account 000371,2.85,1.92
40000061,Synthetic account 000372,-2.85,-1.92
10000062,Synthetic account 000373,2.86,0.00
11000062,Synthetic account 000374,-2.86,0.00
12000062,Synthetic account 000375,2.87,1.93
20000062,Synthetic account 000376,-2.87,-1.93
30000062,Synthetic account 000377,2.88,0.00
40000062,Synthetic account 000378,-2.88,0.00
10000063,Synthetic account 000379,2.89,1.94
11000063,Synthetic account 000380,-2.89,-1.94
12000063,Synthetic account 000381,2.90,0.00
20000063,Synthetic account 000382,-2.90,0.00
30000063,Synthetic account 000383,2.91,1.95
40000063,Synthetic account 000384,-2.91,-1.95
10000064,Synthetic account 000385,2.92,0.00
11000064,Synthetic account 000386,-2.92,0.00
12000064,Synthetic account 000387,2.93,1.96
20000064,Synthetic account 000388,-2.93,-1.96
30000064,Synthetic account 000389,2.94,0.00
40000064,Synthetic account 000390,-2.94,0.00
10000065,Synthetic account 000391,2.95,1.97
11000065,Synthetic account 000392,-2.95,-1.97
12000065,Synthetic account 000393,2.96,0.00
20000065,Synthetic account 000394,-2.96,0.00
30000065,Synthetic account 000395,2.97,1.98
40000065,Synthetic account 000396,-2.97,-1.98
10000066,Synthetic account 000397,2.98,0.00
11000066,Synthetic account 000398,-2.98,0.00
12000066,Synthetic account 000399,2.99,1.99
20000066,Synthetic account 000400,-2.99,-1.99
30000066,Synthetic account 000401,3.00,0.00
40000066,Synthetic account 000402,-3.00,0.00
10000067,Synthetic account 000403,3.01,2.00
11000067,Synthetic account 000404,-3.01,-2.00
12000067,"Synthetic, quoted account 000405",3.02,0.00
20000067,Synthetic account 000406,-3.02,0.00
30000067,Synthetic account 000407,3.03,2.01
40000067,Synthetic account 000408,-3.03,-2.01
10000068,Synthetic account 000409,3.04,0.00
11000068,Synthetic account 000410,-3.04,0.00
12000068,Synthetic account 000411,3.05,2.02
20000068,Synthetic account 000412,-3.05,-2.02
30000068,Synthetic account 000413,3.06,0.00
40000068,Synthetic account 000414,-3.06,0.00
10000069,Synthetic account 000415,3.07,2.03
11000069,Synthetic account 000416,-3.07,-2.03
12000069,Synthetic account 000417,3.08,0.00
20000069,Synthetic account 000418,-3.08,0.00
30000069,Synthetic account 000419,3.09,2.04
40000069,Synthetic account 000420,-3.09,-2.04
10000070,Synthetic account 000421,3.10,0.00
11000070,Synthetic account 000422,-3.10,0.00
12000070,"Synthetic ""review"" account 000423",3.11,2.05
20000070,Synthetic account 000424,-3.11,-2.05
30000070,Synthetic account 000425,3.12,0.00
40000070,Synthetic account 000426,-3.12,0.00
10000071,Synthetic account 000427,3.13,2.06
11000071,Synthetic account 000428,-3.13,-2.06
12000071,Synthetic account 000429,3.14,0.00
20000071,Synthetic account 000430,-3.14,0.00
30000071,Synthetic account 000431,3.15,2.07
40000071,Synthetic account 000432,-3.15,-2.07
10000072,Synthetic account 000433,3.16,0.00
11000072,Synthetic account 000434,-3.16,0.00
12000072,Synthetic account 000435,3.17,2.08
20000072,Synthetic account 000436,-3.17,-2.08
30000072,Synthetic account 000437,3.18,0.00
40000072,Synthetic account 000438,-3.18,0.00
10000073,Synthetic account 000439,3.19,2.09
11000073,Synthetic account 000440,-3.19,-2.09
12000073,Synthetic account 000441,3.20,0.00
20000073,Synthetic account 000442,-3.20,0.00
30000073,Synthetic account 000443,3.21,2.10
40000073,Synthetic account 000444,-3.21,-2.10
10000074,Synthetic account 000445,3.22,0.00
11000074,Synthetic account 000446,-3.22,0.00
12000074,Synthetic account 000447,3.23,2.11
20000074,Synthetic account 000448,-3.23,-2.11
30000074,Synthetic account 000449,3.24,0.00
40000074,Synthetic account 000450,-3.24,0.00
10000075,Synthetic account 000451,3.25,2.12
11000075,Synthetic account 000452,-3.25,-2.12
12000075,Synthetic account 000453,3.26,0.00
20000075,Synthetic account 000454,-3.26,0.00
30000075,Synthetic account 000455,3.27,2.13
40000075,Synthetic account 000456,-3.27,-2.13
10000076,Synthetic account 000457,3.28,0.00
11000076,Synthetic account 000458,-3.28,0.00
12000076,Synthetic account 000459,3.29,2.14
20000076,Synthetic account 000460,-3.29,-2.14
30000076,Synthetic account 000461,3.30,0.00
40000076,Synthetic account 000462,-3.30,0.00
10000077,Synthetic account 000463,3.31,2.15
11000077,Synthetic account 000464,-3.31,-2.15
12000077,Synthetic account 000465,3.32,0.00
20000077,Synthetic account 000466,-3.32,0.00
30000077,Synthetic account 000467,3.33,2.16
40000077,Synthetic account 000468,-3.33,-2.16
10000078,Synthetic account 000469,3.34,0.00
11000078,Synthetic account 000470,-3.34,0.00
12000078,Synthetic account 000471,3.35,2.17
20000078,Synthetic account 000472,-3.35,-2.17
30000078,Synthetic account 000473,3.36,0.00
40000078,Synthetic account 000474,-3.36,0.00
10000079,Synthetic account 000475,3.37,2.18
11000079,Synthetic account 000476,-3.37,-2.18
12000079,Synthetic account 000477,3.38,0.00
20000079,Synthetic account 000478,-3.38,0.00
30000079,Synthetic account 000479,3.39,2.19
40000079,Synthetic account 000480,-3.39,-2.19
10000080,Synthetic account 000481,3.40,0.00
11000080,Synthetic account 000482,-3.40,0.00
12000080,Synthetic account 000483,3.41,2.20
20000080,Synthetic account 000484,-3.41,-2.20
30000080,Synthetic account 000485,3.42,0.00
40000080,Synthetic account 000486,-3.42,0.00
10000081,Synthetic account 000487,3.43,2.21
11000081,Synthetic account 000488,-3.43,-2.21
12000081,Synthetic account 000489,3.44,0.00
20000081,Synthetic account 000490,-3.44,0.00
30000081,Synthetic account 000491,3.45,2.22
40000081,Synthetic account 000492,-3.45,-2.22
10000082,Synthetic account 000493,3.46,0.00
11000082,Synthetic account 000494,-3.46,0.00
12000082,Synthetic account 000495,3.47,2.23
20000082,Synthetic account 000496,-3.47,-2.23
30000082,Synthetic account 000497,3.48,0.00
40000082,Synthetic account 000498,-3.48,0.00
10000083,Synthetic account 000499,3.49,2.24
11000083,Synthetic account 000500,-3.49,-2.24
12000083,Synthetic account 000501,3.50,0.00
20000083,Synthetic account 000502,-3.50,0.00
30000083,Synthetic account 000503,3.51,2.25
40000083,Synthetic account 000504,-3.51,-2.25
10000084,Synthetic account 000505,3.52,0.00
11000084,"Synthetic, quoted account 000506",-3.52,0.00
12000084,Synthetic account 000507,3.53,2.26
20000084,Synthetic account 000508,-3.53,-2.26
30000084,Synthetic account 000509,3.54,0.00
40000084,Synthetic account 000510,-3.54,0.00
10000085,Synthetic account 000511,3.55,2.27
11000085,Synthetic account 000512,-3.55,-2.27
12000085,Synthetic account 000513,3.56,0.00
20000085,Synthetic account 000514,-3.56,0.00
30000085,Synthetic account 000515,3.57,2.28
40000085,Synthetic account 000516,-3.57,-2.28
10000086,Synthetic account 000517,3.58,0.00
11000086,Synthetic account 000518,-3.58,0.00
12000086,Synthetic account 000519,3.59,2.29
20000086,Synthetic account 000520,-3.59,-2.29
30000086,Synthetic account 000521,3.60,0.00
40000086,Synthetic account 000522,-3.60,0.00
10000087,Synthetic account 000523,3.61,2.30
11000087,Synthetic account 000524,-3.61,-2.30
12000087,Synthetic account 000525,3.62,0.00
20000087,Synthetic account 000526,-3.62,0.00
30000087,Synthetic account 000527,3.63,2.31
40000087,Synthetic account 000528,-3.63,-2.31
10000088,Synthetic account 000529,3.64,0.00
11000088,Synthetic account 000530,-3.64,0.00
12000088,Synthetic account 000531,3.65,2.32
20000088,Synthetic account 000532,-3.65,-2.32
30000088,Synthetic account 000533,3.66,0.00
40000088,Synthetic account 000534,-3.66,0.00
10000089,Synthetic account 000535,3.67,2.33
11000089,Synthetic account 000536,-3.67,-2.33
12000089,Synthetic account 000537,3.68,0.00
20000089,Synthetic account 000538,-3.68,0.00
30000089,Synthetic account 000539,3.69,2.34
40000089,Synthetic account 000540,-3.69,-2.34
10000090,Synthetic account 000541,3.70,0.00
11000090,Synthetic account 000542,-3.70,0.00
12000090,Synthetic account 000543,3.71,2.35
20000090,Synthetic account 000544,-3.71,-2.35
30000090,Synthetic account 000545,3.72,0.00
40000090,Synthetic account 000546,-3.72,0.00
10000091,Synthetic account 000547,3.73,2.36
11000091,Synthetic account 000548,-3.73,-2.36
12000091,Synthetic account 000549,3.74,0.00
20000091,Synthetic account 000550,-3.74,0.00
30000091,Synthetic account 000551,3.75,2.37
40000091,Synthetic account 000552,-3.75,-2.37
10000092,Synthetic account 000553,3.76,0.00
11000092,Synthetic account 000554,-3.76,0.00
12000092,Synthetic account 000555,3.77,2.38
20000092,Synthetic account 000556,-3.77,-2.38
30000092,Synthetic account 000557,3.78,0.00
40000092,Synthetic account 000558,-3.78,0.00
10000093,Synthetic account 000559,3.79,2.39
11000093,Synthetic account 000560,-3.79,-2.39
12000093,Synthetic account 000561,3.80,0.00
20000093,Synthetic account 000562,-3.80,0.00
30000093,Synthetic account 000563,3.81,2.40
40000093,Synthetic account 000564,-3.81,-2.40
10000094,Synthetic account 000565,3.82,0.00
11000094,Synthetic account 000566,-3.82,0.00
12000094,Synthetic account 000567,3.83,2.41
20000094,Synthetic account 000568,-3.83,-2.41
30000094,Synthetic account 000569,3.84,0.00
40000094,Synthetic account 000570,-3.84,0.00
10000095,Synthetic account 000571,3.85,2.42
11000095,Synthetic account 000572,-3.85,-2.42
12000095,Synthetic account 000573,3.86,0.00
20000095,Synthetic account 000574,-3.86,0.00
30000095,Synthetic account 000575,3.87,2.43
40000095,Synthetic account 000576,-3.87,-2.43
10000096,Synthetic account 000577,3.88,0.00
11000096,Synthetic account 000578,-3.88,0.00
12000096,Synthetic account 000579,3.89,2.44
20000096,Synthetic account 000580,-3.89,-2.44
30000096,Synthetic account 000581,3.90,0.00
40000096,Synthetic account 000582,-3.90,0.00
10000097,Synthetic account 000583,3.91,2.45
11000097,Synthetic account 000584,-3.91,-2.45
12000097,Synthetic account 000585,3.92,0.00
20000097,Synthetic account 000586,-3.92,0.00
30000097,Synthetic account 000587,3.93,2.46
40000097,Synthetic account 000588,-3.93,-2.46
10000098,Synthetic account 000589,3.94,0.00
11000098,Synthetic account 000590,-3.94,0.00
12000098,Synthetic account 000591,3.95,2.47
20000098,Synthetic account 000592,-3.95,-2.47
30000098,Synthetic account 000593,3.96,0.00
40000098,Synthetic account 000594,-3.96,0.00
10000099,Synthetic account 000595,3.97,2.48
11000099,Synthetic account 000596,-3.97,-2.48
12000099,Synthetic account 000597,3.98,0.00
20000099,Synthetic account 000598,-3.98,0.00
30000099,Synthetic account 000599,3.99,2.49
40000099,Synthetic account 000600,-3.99,-2.49
10000100,Synthetic account 000601,4.00,0.00
11000100,Synthetic account 000602,-4.00,0.00
12000100,Synthetic account 000603,4.01,2.50
20000100,Synthetic account 000604,-4.01,-2.50
30000100,Synthetic account 000605,4.02,0.00
40000100,Synthetic account 000606,-4.02,0.00
10000101,"Synthetic, quoted account 000607",4.03,2.51
11000101,Synthetic account 000608,-4.03,-2.51
12000101,Synthetic account 000609,4.04,0.00
20000101,Synthetic account 000610,-4.04,0.00
30000101,Synthetic account 000611,4.05,2.52
40000101,Synthetic account 000612,-4.05,-2.52
10000102,Synthetic account 000613,4.06,0.00
11000102,Synthetic account 000614,-4.06,0.00
12000102,Synthetic account 000615,4.07,2.53
20000102,Synthetic account 000616,-4.07,-2.53
30000102,Synthetic account 000617,4.08,0.00
40000102,Synthetic account 000618,-4.08,0.00
10000103,Synthetic account 000619,4.09,2.54
11000103,Synthetic account 000620,-4.09,-2.54
12000103,Synthetic account 000621,4.10,0.00
20000103,Synthetic account 000622,-4.10,0.00
30000103,Synthetic account 000623,4.11,2.55
40000103,Synthetic account 000624,-4.11,-2.55
10000104,Synthetic account 000625,4.12,0.00
11000104,Synthetic account 000626,-4.12,0.00
12000104,Synthetic account 000627,4.13,2.56
20000104,Synthetic account 000628,-4.13,-2.56
30000104,Synthetic account 000629,4.14,0.00
40000104,Synthetic account 000630,-4.14,0.00
10000105,Synthetic account 000631,4.15,2.57
11000105,Synthetic account 000632,-4.15,-2.57
12000105,Synthetic account 000633,4.16,0.00
20000105,"Synthetic ""review"" account 000634",-4.16,0.00
30000105,Synthetic account 000635,4.17,2.58
40000105,Synthetic account 000636,-4.17,-2.58
10000106,Synthetic account 000637,4.18,0.00
11000106,Synthetic account 000638,-4.18,0.00
12000106,Synthetic account 000639,4.19,2.59
20000106,Synthetic account 000640,-4.19,-2.59
30000106,Synthetic account 000641,4.20,0.00
40000106,Synthetic account 000642,-4.20,0.00
10000107,Synthetic account 000643,4.21,2.60
11000107,Synthetic account 000644,-4.21,-2.60
12000107,Synthetic account 000645,4.22,0.00
20000107,Synthetic account 000646,-4.22,0.00
30000107,Synthetic account 000647,4.23,2.61
40000107,Synthetic account 000648,-4.23,-2.61
10000108,Synthetic account 000649,4.24,0.00
11000108,Synthetic account 000650,-4.24,0.00
12000108,Synthetic account 000651,4.25,2.62
20000108,Synthetic account 000652,-4.25,-2.62
30000108,Synthetic account 000653,4.26,0.00
40000108,Synthetic account 000654,-4.26,0.00
10000109,Synthetic account 000655,4.27,2.63
11000109,Synthetic account 000656,-4.27,-2.63
12000109,Synthetic account 000657,4.28,0.00
20000109,Synthetic account 000658,-4.28,0.00
30000109,Synthetic account 000659,4.29,2.64
40000109,Synthetic account 000660,-4.29,-2.64
10000110,Synthetic account 000661,4.30,0.00
11000110,Synthetic account 000662,-4.30,0.00
12000110,Synthetic account 000663,4.31,2.65
20000110,Synthetic account 000664,-4.31,-2.65
30000110,Synthetic account 000665,4.32,0.00
40000110,Synthetic account 000666,-4.32,0.00
10000111,Synthetic account 000667,4.33,2.66
11000111,Synthetic account 000668,-4.33,-2.66
12000111,Synthetic account 000669,4.34,0.00
20000111,Synthetic account 000670,-4.34,0.00
30000111,Synthetic account 000671,4.35,2.67
40000111,Synthetic account 000672,-4.35,-2.67
10000112,Synthetic account 000673,4.36,0.00
11000112,Synthetic account 000674,-4.36,0.00
12000112,Synthetic account 000675,4.37,2.68
20000112,Synthetic account 000676,-4.37,-2.68
30000112,Synthetic account 000677,4.38,0.00
40000112,Synthetic account 000678,-4.38,0.00
10000113,Synthetic account 000679,4.39,2.69
11000113,Synthetic account 000680,-4.39,-2.69
12000113,Synthetic account 000681,4.40,0.00
20000113,Synthetic account 000682,-4.40,0.00
30000113,Synthetic account 000683,4.41,2.70
40000113,Synthetic account 000684,-4.41,-2.70
10000114,Synthetic account 000685,4.42,0.00
11000114,Synthetic account 000686,-4.42,0.00
12000114,Synthetic account 000687,4.43,2.71
20000114,Synthetic account 000688,-4.43,-2.71
30000114,Synthetic account 000689,4.44,0.00
40000114,Synthetic account 000690,-4.44,0.00
10000115,Synthetic account 000691,4.45,2.72
11000115,Synthetic account 000692,-4.45,-2.72
12000115,Synthetic account 000693,4.46,0.00
20000115,Synthetic account 000694,-4.46,0.00
30000115,Synthetic account 000695,4.47,2.73
40000115,Synthetic account 000696,-4.47,-2.73
10000116,Synthetic account 000697,4.48,0.00
11000116,Synthetic account 000698,-4.48,0.00
12000116,Synthetic account 000699,4.49,2.74
20000116,Synthetic account 000700,-4.49,-2.74
30000116,Synthetic account 000701,4.50,0.00
40000116,Synthetic account 000702,-4.50,0.00
10000117,Synthetic account 000703,4.51,2.75
11000117,Synthetic account 000704,-4.51,-2.75
12000117,Synthetic account 000705,4.52,0.00
20000117,Synthetic account 000706,-4.52,0.00
30000117,Synthetic account 000707,4.53,2.76
40000117,"Synthetic, quoted account 000708",-4.53,-2.76
10000118,Synthetic account 000709,4.54,0.00
11000118,Synthetic account 000710,-4.54,0.00
12000118,Synthetic account 000711,4.55,2.77
20000118,Synthetic account 000712,-4.55,-2.77
30000118,Synthetic account 000713,4.56,0.00
40000118,Synthetic account 000714,-4.56,0.00
10000119,Synthetic account 000715,4.57,2.78
11000119,Synthetic account 000716,-4.57,-2.78
12000119,Synthetic account 000717,4.58,0.00
20000119,Synthetic account 000718,-4.58,0.00
30000119,Synthetic account 000719,4.59,2.79
40000119,Synthetic account 000720,-4.59,-2.79
10000120,Synthetic account 000721,4.60,0.00
11000120,Synthetic account 000722,-4.60,0.00
12000120,Synthetic account 000723,4.61,2.80
20000120,Synthetic account 000724,-4.61,-2.80
30000120,Synthetic account 000725,4.62,0.00
40000120,Synthetic account 000726,-4.62,0.00
10000121,Synthetic account 000727,4.63,2.81
11000121,Synthetic account 000728,-4.63,-2.81
12000121,Synthetic account 000729,4.64,0.00
20000121,Synthetic account 000730,-4.64,0.00
30000121,Synthetic account 000731,4.65,2.82
40000121,Synthetic account 000732,-4.65,-2.82
10000122,Synthetic account 000733,4.66,0.00
11000122,Synthetic account 000734,-4.66,0.00
12000122,Synthetic account 000735,4.67,2.83
20000122,Synthetic account 000736,-4.67,-2.83
30000122,Synthetic account 000737,4.68,0.00
40000122,Synthetic account 000738,-4.68,0.00
10000123,Synthetic account 000739,4.69,2.84
11000123,Synthetic account 000740,-4.69,-2.84
12000123,Synthetic account 000741,4.70,0.00
20000123,Synthetic account 000742,-4.70,0.00
30000123,Synthetic account 000743,4.71,2.85
40000123,Synthetic account 000744,-4.71,-2.85
10000124,Synthetic account 000745,4.72,0.00
11000124,Synthetic account 000746,-4.72,0.00
12000124,Synthetic account 000747,4.73,2.86
20000124,Synthetic account 000748,-4.73,-2.86
30000124,Synthetic account 000749,4.74,0.00
40000124,Synthetic account 000750,-4.74,0.00
10000125,Synthetic account 000751,4.75,2.87
11000125,Synthetic account 000752,-4.75,-2.87
12000125,Synthetic account 000753,4.76,0.00
20000125,Synthetic account 000754,-4.76,0.00
30000125,Synthetic account 000755,4.77,2.88
40000125,Synthetic account 000756,-4.77,-2.88
10000126,Synthetic account 000757,4.78,0.00
11000126,Synthetic account 000758,-4.78,0.00
12000126,Synthetic account 000759,4.79,2.89
20000126,Synthetic account 000760,-4.79,-2.89
30000126,Synthetic account 000761,4.80,0.00
40000126,Synthetic account 000762,-4.80,0.00
10000127,Synthetic account 000763,4.81,2.90
11000127,Synthetic account 000764,-4.81,-2.90
12000127,Synthetic account 000765,4.82,0.00
20000127,Synthetic account 000766,-4.82,0.00
30000127,Synthetic account 000767,4.83,2.91
40000127,Synthetic account 000768,-4.83,-2.91
10000128,Synthetic account 000769,4.84,0.00
11000128,Synthetic account 000770,-4.84,0.00
12000128,Synthetic account 000771,4.85,2.92
20000128,Synthetic account 000772,-4.85,-2.92
30000128,Synthetic account 000773,4.86,0.00
40000128,Synthetic account 000774,-4.86,0.00
10000129,Synthetic account 000775,4.87,2.93
11000129,Synthetic account 000776,-4.87,-2.93
12000129,Synthetic account 000777,4.88,0.00
20000129,Synthetic account 000778,-4.88,0.00
30000129,Synthetic account 000779,4.89,2.94
40000129,Synthetic account 000780,-4.89,-2.94
10000130,Synthetic account 000781,4.90,0.00
11000130,Synthetic account 000782,-4.90,0.00
12000130,Synthetic account 000783,4.91,2.95
20000130,Synthetic account 000784,-4.91,-2.95
30000130,Synthetic account 000785,4.92,0.00
40000130,Synthetic account 000786,-4.92,0.00
10000131,Synthetic account 000787,4.93,2.96
11000131,Synthetic account 000788,-4.93,-2.96
12000131,Synthetic account 000789,4.94,0.00
20000131,Synthetic account 000790,-4.94,0.00
30000131,Synthetic account 000791,4.95,2.97
40000131,Synthetic account 000792,-4.95,-2.97
10000132,Synthetic account 000793,4.96,0.00
11000132,Synthetic account 000794,-4.96,0.00
12000132,Synthetic account 000795,4.97,2.98
20000132,Synthetic account 000796,-4.97,-2.98
30000132,Synthetic account 000797,4.98,0.00
40000132,Synthetic account 000798,-4.98,0.00
10000133,Synthetic account 000799,4.99,2.99
11000133,Synthetic account 000800,-4.99,-2.99
12000133,Synthetic account 000801,5.00,0.00
20000133,Synthetic account 000802,-5.00,0.00
30000133,Synthetic account 000803,5.01,3.00
40000133,Synthetic account 000804,-5.01,-3.00
10000134,Synthetic account 000805,5.02,0.00
11000134,Synthetic account 000806,-5.02,0.00
12000134,Synthetic account 000807,5.03,3.01
20000134,Synthetic account 000808,-5.03,-3.01
30000134,"Synthetic, quoted account 000809",5.04,0.00
40000134,Synthetic account 000810,-5.04,0.00
10000135,Synthetic account 000811,5.05,3.02
11000135,Synthetic account 000812,-5.05,-3.02
12000135,Synthetic account 000813,5.06,0.00
20000135,Synthetic account 000814,-5.06,0.00
30000135,Synthetic account 000815,5.07,3.03
40000135,Synthetic account 000816,-5.07,-3.03
10000136,Synthetic account 000817,5.08,0.00
11000136,Synthetic account 000818,-5.08,0.00
12000136,Synthetic account 000819,5.09,3.04
20000136,Synthetic account 000820,-5.09,-3.04
30000136,Synthetic account 000821,5.10,0.00
40000136,Synthetic account 000822,-5.10,0.00
10000137,Synthetic account 000823,5.11,3.05
11000137,Synthetic account 000824,-5.11,-3.05
12000137,Synthetic account 000825,5.12,0.00
20000137,Synthetic account 000826,-5.12,0.00
30000137,Synthetic account 000827,5.13,3.06
40000137,Synthetic account 000828,-5.13,-3.06
10000138,Synthetic account 000829,5.14,0.00
11000138,Synthetic account 000830,-5.14,0.00
12000138,Synthetic account 000831,5.15,3.07
20000138,Synthetic account 000832,-5.15,-3.07
30000138,Synthetic account 000833,5.16,0.00
40000138,Synthetic account 000834,-5.16,0.00
10000139,Synthetic account 000835,5.17,3.08
11000139,Synthetic account 000836,-5.17,-3.08
12000139,Synthetic account 000837,5.18,0.00
20000139,Synthetic account 000838,-5.18,0.00
30000139,Synthetic account 000839,5.19,3.09
40000139,Synthetic account 000840,-5.19,-3.09
10000140,Synthetic account 000841,5.20,0.00
11000140,Synthetic account 000842,-5.20,0.00
12000140,Synthetic account 000843,5.21,3.10
20000140,Synthetic account 000844,-5.21,-3.10
30000140,"Synthetic ""review"" account 000845",5.22,0.00
40000140,Synthetic account 000846,-5.22,0.00
10000141,Synthetic account 000847,5.23,3.11
11000141,Synthetic account 000848,-5.23,-3.11
12000141,Synthetic account 000849,5.24,0.00
20000141,Synthetic account 000850,-5.24,0.00
30000141,Synthetic account 000851,5.25,3.12
40000141,Synthetic account 000852,-5.25,-3.12
10000142,Synthetic account 000853,5.26,0.00
11000142,Synthetic account 000854,-5.26,0.00
12000142,Synthetic account 000855,5.27,3.13
20000142,Synthetic account 000856,-5.27,-3.13
30000142,Synthetic account 000857,5.28,0.00
40000142,Synthetic account 000858,-5.28,0.00
10000143,Synthetic account 000859,5.29,3.14
11000143,Synthetic account 000860,-5.29,-3.14
12000143,Synthetic account 000861,5.30,0.00
20000143,Synthetic account 000862,-5.30,0.00
30000143,Synthetic account 000863,5.31,3.15
40000143,Synthetic account 000864,-5.31,-3.15
10000144,Synthetic account 000865,5.32,0.00
11000144,Synthetic account 000866,-5.32,0.00
12000144,Synthetic account 000867,5.33,3.16
20000144,Synthetic account 000868,-5.33,-3.16
30000144,Synthetic account 000869,5.34,0.00
40000144,Synthetic account 000870,-5.34,0.00
10000145,Synthetic account 000871,5.35,3.17
11000145,Synthetic account 000872,-5.35,-3.17
12000145,Synthetic account 000873,5.36,0.00
20000145,Synthetic account 000874,-5.36,0.00
30000145,Synthetic account 000875,5.37,3.18
40000145,Synthetic account 000876,-5.37,-3.18
10000146,Synthetic account 000877,5.38,0.00
11000146,Synthetic account 000878,-5.38,0.00
12000146,Synthetic account 000879,5.39,3.19
20000146,Synthetic account 000880,-5.39,-3.19
30000146,Synthetic account 000881,5.40,0.00
40000146,Synthetic account 000882,-5.40,0.00
10000147,Synthetic account 000883,5.41,3.20
11000147,Synthetic account 000884,-5.41,-3.20
12000147,Synthetic account 000885,5.42,0.00
20000147,Synthetic account 000886,-5.42,0.00
30000147,Synthetic account 000887,5.43,3.21
40000147,Synthetic account 000888,-5.43,-3.21
10000148,Synthetic account 000889,5.44,0.00
11000148,Synthetic account 000890,-5.44,0.00
12000148,Synthetic account 000891,5.45,3.22
20000148,Synthetic account 000892,-5.45,-3.22
30000148,Synthetic account 000893,5.46,0.00
40000148,Synthetic account 000894,-5.46,0.00
10000149,Synthetic account 000895,5.47,3.23
11000149,Synthetic account 000896,-5.47,-3.23
12000149,Synthetic account 000897,5.48,0.00
20000149,Synthetic account 000898,-5.48,0.00
30000149,Synthetic account 000899,5.49,3.24
40000149,Synthetic account 000900,-5.49,-3.24
10000150,Synthetic account 000901,5.50,0.00
11000150,Synthetic account 000902,-5.50,0.00
12000150,Synthetic account 000903,5.51,3.25
20000150,Synthetic account 000904,-5.51,-3.25
30000150,Synthetic account 000905,5.52,0.00
40000150,Synthetic account 000906,-5.52,0.00
10000151,Synthetic account 000907,5.53,3.26
11000151,Synthetic account 000908,-5.53,-3.26
12000151,Synthetic account 000909,5.54,0.00
20000151,"Synthetic, quoted account 000910",-5.54,0.00
30000151,Synthetic account 000911,5.55,3.27
40000151,Synthetic account 000912,-5.55,-3.27
10000152,Synthetic account 000913,5.56,0.00
11000152,Synthetic account 000914,-5.56,0.00
12000152,Synthetic account 000915,5.57,3.28
20000152,Synthetic account 000916,-5.57,-3.28
30000152,Synthetic account 000917,5.58,0.00
40000152,Synthetic account 000918,-5.58,0.00
10000153,Synthetic account 000919,5.59,3.29
11000153,Synthetic account 000920,-5.59,-3.29
12000153,Synthetic account 000921,5.60,0.00
20000153,Synthetic account 000922,-5.60,0.00
30000153,Synthetic account 000923,5.61,3.30
40000153,Synthetic account 000924,-5.61,-3.30
10000154,Synthetic account 000925,5.62,0.00
11000154,Synthetic account 000926,-5.62,0.00
12000154,Synthetic account 000927,5.63,3.31
20000154,Synthetic account 000928,-5.63,-3.31
30000154,Synthetic account 000929,5.64,0.00
40000154,Synthetic account 000930,-5.64,0.00
10000155,Synthetic account 000931,5.65,3.32
11000155,Synthetic account 000932,-5.65,-3.32
12000155,Synthetic account 000933,5.66,0.00
20000155,Synthetic account 000934,-5.66,0.00
30000155,Synthetic account 000935,5.67,3.33
40000155,Synthetic account 000936,-5.67,-3.33
10000156,Synthetic account 000937,5.68,0.00
11000156,Synthetic account 000938,-5.68,0.00
12000156,Synthetic account 000939,5.69,3.34
20000156,Synthetic account 000940,-5.69,-3.34
30000156,Synthetic account 000941,5.70,0.00
40000156,Synthetic account 000942,-5.70,0.00
10000157,Synthetic account 000943,5.71,3.35
11000157,Synthetic account 000944,-5.71,-3.35
12000157,Synthetic account 000945,5.72,0.00
20000157,Synthetic account 000946,-5.72,0.00
30000157,Synthetic account 000947,5.73,3.36
40000157,Synthetic account 000948,-5.73,-3.36
10000158,Synthetic account 000949,5.74,0.00
11000158,Synthetic account 000950,-5.74,0.00
12000158,Synthetic account 000951,5.75,3.37
20000158,Synthetic account 000952,-5.75,-3.37
30000158,Synthetic account 000953,5.76,0.00
40000158,Synthetic account 000954,-5.76,0.00
10000159,Synthetic account 000955,5.77,3.38
11000159,Synthetic account 000956,-5.77,-3.38
12000159,Synthetic account 000957,5.78,0.00
20000159,Synthetic account 000958,-5.78,0.00
30000159,Synthetic account 000959,5.79,3.39
40000159,Synthetic account 000960,-5.79,-3.39
10000160,Synthetic account 000961,5.80,0.00
11000160,Synthetic account 000962,-5.80,0.00
12000160,Synthetic account 000963,5.81,3.40
20000160,Synthetic account 000964,-5.81,-3.40
30000160,Synthetic account 000965,5.82,0.00
40000160,Synthetic account 000966,-5.82,0.00
10000161,Synthetic account 000967,5.83,3.41
11000161,Synthetic account 000968,-5.83,-3.41
12000161,Synthetic account 000969,5.84,0.00
20000161,Synthetic account 000970,-5.84,0.00
30000161,Synthetic account 000971,5.85,3.42
40000161,Synthetic account 000972,-5.85,-3.42
10000162,Synthetic account 000973,5.86,0.00
11000162,Synthetic account 000974,-5.86,0.00
12000162,Synthetic account 000975,5.87,3.43
20000162,Synthetic account 000976,-5.87,-3.43
30000162,Synthetic account 000977,5.88,0.00
40000162,Synthetic account 000978,-5.88,0.00
10000163,Synthetic account 000979,5.89,3.44
11000163,Synthetic account 000980,-5.89,-3.44
12000163,Synthetic account 000981,5.90,0.00
20000163,Synthetic account 000982,-5.90,0.00
30000163,Synthetic account 000983,5.91,3.45
40000163,Synthetic account 000984,-5.91,-3.45
10000164,Synthetic account 000985,5.92,0.00
11000164,Synthetic account 000986,-5.92,0.00
12000164,Synthetic account 000987,5.93,3.46
20000164,Synthetic account 000988,-5.93,-3.46
30000164,Synthetic account 000989,5.94,0.00
40000164,Synthetic account 000990,-5.94,0.00
10000165,Synthetic account 000991,5.95,3.47
11000165,Synthetic account 000992,-5.95,-3.47
12000165,Synthetic account 000993,5.96,0.00
20000165,Synthetic account 000994,-5.96,0.00
30000165,Synthetic account 000995,5.97,3.48
40000165,Synthetic account 000996,-5.97,-3.48
10000166,Synthetic account 000997,5.98,0.00
11000166,Synthetic account 000998,-5.98,0.00
12000166,Synthetic account 000999,5.99,3.49
20000166,Synthetic account 001000,-5.99,-3.49
30000166,Synthetic account 001001,6.00,0.00
40000166,Synthetic account 001002,-6.00,0.00
10000167,Synthetic account 001003,6.01,3.50
11000167,Synthetic account 001004,-6.01,-3.50
12000167,Synthetic account 001005,6.02,0.00
20000167,Synthetic account 001006,-6.02,0.00
30000167,Synthetic account 001007,6.03,3.51
40000167,Synthetic account 001008,-6.03,-3.51
10000168,Synthetic account 001009,6.04,0.00
11000168,Synthetic account 001010,-6.04,0.00
12000168,"Synthetic, quoted account 001011",6.05,3.52
20000168,Synthetic account 001012,-6.05,-3.52
30000168,Synthetic account 001013,6.06,0.00
40000168,Synthetic account 001014,-6.06,0.00
10000169,Synthetic account 001015,6.07,3.53
11000169,Synthetic account 001016,-6.07,-3.53
12000169,Synthetic account 001017,6.08,0.00
20000169,Synthetic account 001018,-6.08,0.00
30000169,Synthetic account 001019,6.09,3.54
40000169,Synthetic account 001020,-6.09,-3.54
10000170,Synthetic account 001021,6.10,0.00
11000170,Synthetic account 001022,-6.10,0.00
12000170,Synthetic account 001023,6.11,3.55
20000170,Synthetic account 001024,-6.11,-3.55
30000170,Synthetic account 001025,6.12,0.00
40000170,Synthetic account 001026,-6.12,0.00
10000171,Synthetic account 001027,6.13,3.56
11000171,Synthetic account 001028,-6.13,-3.56
12000171,Synthetic account 001029,6.14,0.00
20000171,Synthetic account 001030,-6.14,0.00
30000171,Synthetic account 001031,6.15,3.57
40000171,Synthetic account 001032,-6.15,-3.57
10000172,Synthetic account 001033,6.16,0.00
11000172,Synthetic account 001034,-6.16,0.00
12000172,Synthetic account 001035,6.17,3.58
20000172,Synthetic account 001036,-6.17,-3.58
30000172,Synthetic account 001037,6.18,0.00
40000172,Synthetic account 001038,-6.18,0.00
10000173,Synthetic account 001039,6.19,3.59
11000173,Synthetic account 001040,-6.19,-3.59
12000173,Synthetic account 001041,6.20,0.00
20000173,Synthetic account 001042,-6.20,0.00
30000173,Synthetic account 001043,6.21,3.60
40000173,Synthetic account 001044,-6.21,-3.60
10000174,Synthetic account 001045,6.22,0.00
11000174,Synthetic account 001046,-6.22,0.00
12000174,Synthetic account 001047,6.23,3.61
20000174,Synthetic account 001048,-6.23,-3.61
30000174,Synthetic account 001049,6.24,0.00
40000174,Synthetic account 001050,-6.24,0.00
10000175,Synthetic account 001051,6.25,3.62
11000175,Synthetic account 001052,-6.25,-3.62
12000175,Synthetic account 001053,6.26,0.00
20000175,Synthetic account 001054,-6.26,0.00
30000175,Synthetic account 001055,6.27,3.63
40000175,"Synthetic ""review"" account 001056",-6.27,-3.63
10000176,Synthetic account 001057,6.28,0.00
11000176,Synthetic account 001058,-6.28,0.00
12000176,Synthetic account 001059,6.29,3.64
20000176,Synthetic account 001060,-6.29,-3.64
30000176,Synthetic account 001061,6.30,0.00
40000176,Synthetic account 001062,-6.30,0.00
10000177,Synthetic account 001063,6.31,3.65
11000177,Synthetic account 001064,-6.31,-3.65
12000177,Synthetic account 001065,6.32,0.00
20000177,Synthetic account 001066,-6.32,0.00
30000177,Synthetic account 001067,6.33,3.66
40000177,Synthetic account 001068,-6.33,-3.66
10000178,Synthetic account 001069,6.34,0.00
11000178,Synthetic account 001070,-6.34,0.00
12000178,Synthetic account 001071,6.35,3.67
20000178,Synthetic account 001072,-6.35,-3.67
30000178,Synthetic account 001073,6.36,0.00
40000178,Synthetic account 001074,-6.36,0.00
10000179,Synthetic account 001075,6.37,3.68
11000179,Synthetic account 001076,-6.37,-3.68
12000179,Synthetic account 001077,6.38,0.00
20000179,Synthetic account 001078,-6.38,0.00
30000179,Synthetic account 001079,6.39,3.69
40000179,Synthetic account 001080,-6.39,-3.69
10000180,Synthetic account 001081,6.40,0.00
11000180,Synthetic account 001082,-6.40,0.00
12000180,Synthetic account 001083,6.41,3.70
20000180,Synthetic account 001084,-6.41,-3.70
30000180,Synthetic account 001085,6.42,0.00
40000180,Synthetic account 001086,-6.42,0.00
10000181,Synthetic account 001087,6.43,3.71
11000181,Synthetic account 001088,-6.43,-3.71
12000181,Synthetic account 001089,6.44,0.00
20000181,Synthetic account 001090,-6.44,0.00
30000181,Synthetic account 001091,6.45,3.72
40000181,Synthetic account 001092,-6.45,-3.72
10000182,Synthetic account 001093,6.46,0.00
11000182,Synthetic account 001094,-6.46,0.00
12000182,Synthetic account 001095,6.47,3.73
20000182,Synthetic account 001096,-6.47,-3.73
30000182,Synthetic account 001097,6.48,0.00
40000182,Synthetic account 001098,-6.48,0.00
10000183,Synthetic account 001099,6.49,3.74
11000183,Synthetic account 001100,-6.49,-3.74
12000183,Synthetic account 001101,6.50,0.00
20000183,Synthetic account 001102,-6.50,0.00
30000183,Synthetic account 001103,6.51,3.75
40000183,Synthetic account 001104,-6.51,-3.75
10000184,Synthetic account 001105,6.52,0.00
11000184,Synthetic account 001106,-6.52,0.00
12000184,Synthetic account 001107,6.53,3.76
20000184,Synthetic account 001108,-6.53,-3.76
30000184,Synthetic account 001109,6.54,0.00
40000184,Synthetic account 001110,-6.54,0.00
10000185,Synthetic account 001111,6.55,3.77
11000185,"Synthetic, quoted account 001112",-6.55,-3.77
12000185,Synthetic account 001113,6.56,0.00
20000185,Synthetic account 001114,-6.56,0.00
30000185,Synthetic account 001115,6.57,3.78
40000185,Synthetic account 001116,-6.57,-3.78
10000186,Synthetic account 001117,6.58,0.00
11000186,Synthetic account 001118,-6.58,0.00
12000186,Synthetic account 001119,6.59,3.79
20000186,Synthetic account 001120,-6.59,-3.79
30000186,Synthetic account 001121,6.60,0.00
40000186,Synthetic account 001122,-6.60,0.00
10000187,Synthetic account 001123,6.61,3.80
11000187,Synthetic account 001124,-6.61,-3.80
12000187,Synthetic account 001125,6.62,0.00
20000187,Synthetic account 001126,-6.62,0.00
30000187,Synthetic account 001127,6.63,3.81
40000187,Synthetic account 001128,-6.63,-3.81
10000188,Synthetic account 001129,6.64,0.00
11000188,Synthetic account 001130,-6.64,0.00
12000188,Synthetic account 001131,6.65,3.82
20000188,Synthetic account 001132,-6.65,-3.82
30000188,Synthetic account 001133,6.66,0.00
40000188,Synthetic account 001134,-6.66,0.00
10000189,Synthetic account 001135,6.67,3.83
11000189,Synthetic account 001136,-6.67,-3.83
12000189,Synthetic account 001137,6.68,0.00
20000189,Synthetic account 001138,-6.68,0.00
30000189,Synthetic account 001139,6.69,3.84
40000189,Synthetic account 001140,-6.69,-3.84
10000190,Synthetic account 001141,6.70,0.00
11000190,Synthetic account 001142,-6.70,0.00
12000190,Synthetic account 001143,6.71,3.85
20000190,Synthetic account 001144,-6.71,-3.85
30000190,Synthetic account 001145,6.72,0.00
40000190,Synthetic account 001146,-6.72,0.00
10000191,Synthetic account 001147,6.73,3.86
11000191,Synthetic account 001148,-6.73,-3.86
12000191,Synthetic account 001149,6.74,0.00
20000191,Synthetic account 001150,-6.74,0.00
30000191,Synthetic account 001151,6.75,3.87
40000191,Synthetic account 001152,-6.75,-3.87
10000192,Synthetic account 001153,6.76,0.00
11000192,Synthetic account 001154,-6.76,0.00
12000192,Synthetic account 001155,6.77,3.88
20000192,Synthetic account 001156,-6.77,-3.88
30000192,Synthetic account 001157,6.78,0.00
40000192,Synthetic account 001158,-6.78,0.00
10000193,Synthetic account 001159,6.79,3.89
11000193,Synthetic account 001160,-6.79,-3.89
12000193,Synthetic account 001161,6.80,0.00
20000193,Synthetic account 001162,-6.80,0.00
30000193,Synthetic account 001163,6.81,3.90
40000193,Synthetic account 001164,-6.81,-3.90
10000194,Synthetic account 001165,6.82,0.00
11000194,Synthetic account 001166,-6.82,0.00
12000194,Synthetic account 001167,6.83,3.91
20000194,Synthetic account 001168,-6.83,-3.91
30000194,Synthetic account 001169,6.84,0.00
40000194,Synthetic account 001170,-6.84,0.00
10000195,Synthetic account 001171,6.85,3.92
11000195,Synthetic account 001172,-6.85,-3.92
12000195,Synthetic account 001173,6.86,0.00
20000195,Synthetic account 001174,-6.86,0.00
30000195,Synthetic account 001175,6.87,3.93
40000195,Synthetic account 001176,-6.87,-3.93
10000196,Synthetic account 001177,6.88,0.00
11000196,Synthetic account 001178,-6.88,0.00
12000196,Synthetic account 001179,6.89,3.94
20000196,Synthetic account 001180,-6.89,-3.94
30000196,Synthetic account 001181,6.90,0.00
40000196,Synthetic account 001182,-6.90,0.00
10000197,Synthetic account 001183,6.91,3.95
11000197,Synthetic account 001184,-6.91,-3.95
12000197,Synthetic account 001185,6.92,0.00
20000197,Synthetic account 001186,-6.92,0.00
30000197,Synthetic account 001187,6.93,3.96
40000197,Synthetic account 001188,-6.93,-3.96
10000198,Synthetic account 001189,6.94,0.00
11000198,Synthetic account 001190,-6.94,0.00
12000198,Synthetic account 001191,6.95,3.97
20000198,Synthetic account 001192,-6.95,-3.97
30000198,Synthetic account 001193,6.96,0.00
40000198,Synthetic account 001194,-6.96,0.00
10000199,Synthetic account 001195,6.97,3.98
11000199,Synthetic account 001196,-6.97,-3.98
12000199,Synthetic account 001197,6.98,0.00
20000199,Synthetic account 001198,-6.98,0.00
30000199,Synthetic account 001199,6.99,3.99
40000199,Synthetic account 001200,-6.99,-3.99
10000200,Synthetic account 001201,7.00,0.00
11000200,Synthetic account 001202,-7.00,0.00
12000200,Synthetic account 001203,7.01,4.00
20000200,Synthetic account 001204,-7.01,-4.00
30000200,Synthetic account 001205,7.02,0.00
40000200,Synthetic account 001206,-7.02,0.00
10000201,Synthetic account 001207,7.03,4.01
11000201,Synthetic account 001208,-7.03,-4.01
12000201,Synthetic account 001209,7.04,0.00
20000201,Synthetic account 001210,-7.04,0.00
30000201,Synthetic account 001211,7.05,4.02
40000201,Synthetic account 001212,-7.05,-4.02
10000202,"Synthetic, quoted account 001213",7.06,0.00
11000202,Synthetic account 001214,-7.06,0.00
12000202,Synthetic account 001215,7.07,4.03
20000202,Synthetic account 001216,-7.07,-4.03
30000202,Synthetic account 001217,7.08,0.00
40000202,Synthetic account 001218,-7.08,0.00
10000203,Synthetic account 001219,7.09,4.04
11000203,Synthetic account 001220,-7.09,-4.04
12000203,Synthetic account 001221,7.10,0.00
20000203,Synthetic account 001222,-7.10,0.00
30000203,Synthetic account 001223,7.11,4.05
40000203,Synthetic account 001224,-7.11,-4.05
10000204,Synthetic account 001225,7.12,0.00
11000204,Synthetic account 001226,-7.12,0.00
12000204,Synthetic account 001227,7.13,4.06
20000204,Synthetic account 001228,-7.13,-4.06
30000204,Synthetic account 001229,7.14,0.00
40000204,Synthetic account 001230,-7.14,0.00
10000205,Synthetic account 001231,7.15,4.07
11000205,Synthetic account 001232,-7.15,-4.07
12000205,Synthetic account 001233,7.16,0.00
20000205,Synthetic account 001234,-7.16,0.00
30000205,Synthetic account 001235,7.17,4.08
40000205,Synthetic account 001236,-7.17,-4.08
10000206,Synthetic account 001237,7.18,0.00
11000206,Synthetic account 001238,-7.18,0.00
12000206,Synthetic account 001239,7.19,4.09
20000206,Synthetic account 001240,-7.19,-4.09
30000206,Synthetic account 001241,7.20,0.00
40000206,Synthetic account 001242,-7.20,0.00
10000207,Synthetic account 001243,7.21,4.10
11000207,Synthetic account 001244,-7.21,-4.10
12000207,Synthetic account 001245,7.22,0.00
20000207,Synthetic account 001246,-7.22,0.00
30000207,Synthetic account 001247,7.23,4.11
40000207,Synthetic account 001248,-7.23,-4.11
10000208,Synthetic account 001249,7.24,0.00
11000208,Synthetic account 001250,-7.24,0.00
12000208,Synthetic account 001251,7.25,4.12
20000208,Synthetic account 001252,-7.25,-4.12
30000208,Synthetic account 001253,7.26,0.00
40000208,Synthetic account 001254,-7.26,0.00
10000209,Synthetic account 001255,7.27,4.13
11000209,Synthetic account 001256,-7.27,-4.13
12000209,Synthetic account 001257,7.28,0.00
20000209,Synthetic account 001258,-7.28,0.00
30000209,Synthetic account 001259,7.29,4.14
40000209,Synthetic account 001260,-7.29,-4.14
10000210,Synthetic account 001261,7.30,0.00
11000210,Synthetic account 001262,-7.30,0.00
12000210,Synthetic account 001263,7.31,4.15
20000210,Synthetic account 001264,-7.31,-4.15
30000210,Synthetic account 001265,7.32,0.00
40000210,Synthetic account 001266,-7.32,0.00
10000211,"Synthetic ""review"" account 001267",7.33,4.16
11000211,Synthetic account 001268,-7.33,-4.16
12000211,Synthetic account 001269,7.34,0.00
20000211,Synthetic account 001270,-7.34,0.00
30000211,Synthetic account 001271,7.35,4.17
40000211,Synthetic account 001272,-7.35,-4.17
10000212,Synthetic account 001273,7.36,0.00
11000212,Synthetic account 001274,-7.36,0.00
12000212,Synthetic account 001275,7.37,4.18
20000212,Synthetic account 001276,-7.37,-4.18
30000212,Synthetic account 001277,7.38,0.00
40000212,Synthetic account 001278,-7.38,0.00
10000213,Synthetic account 001279,7.39,4.19
11000213,Synthetic account 001280,-7.39,-4.19
12000213,Synthetic account 001281,7.40,0.00
20000213,Synthetic account 001282,-7.40,0.00
30000213,Synthetic account 001283,7.41,4.20
40000213,Synthetic account 001284,-7.41,-4.20
10000214,Synthetic account 001285,7.42,0.00
11000214,Synthetic account 001286,-7.42,0.00
12000214,Synthetic account 001287,7.43,4.21
20000214,Synthetic account 001288,-7.43,-4.21
30000214,Synthetic account 001289,7.44,0.00
40000214,Synthetic account 001290,-7.44,0.00
10000215,Synthetic account 001291,7.45,4.22
11000215,Synthetic account 001292,-7.45,-4.22
12000215,Synthetic account 001293,7.46,0.00
20000215,Synthetic account 001294,-7.46,0.00
30000215,Synthetic account 001295,7.47,4.23
40000215,Synthetic account 001296,-7.47,-4.23
10000216,Synthetic account 001297,7.48,0.00
11000216,Synthetic account 001298,-7.48,0.00
12000216,Synthetic account 001299,7.49,4.24
20000216,Synthetic account 001300,-7.49,-4.24
30000216,Synthetic account 001301,7.50,0.00
40000216,Synthetic account 001302,-7.50,0.00
10000217,Synthetic account 001303,7.51,4.25
11000217,Synthetic account 001304,-7.51,-4.25
12000217,Synthetic account 001305,7.52,0.00
20000217,Synthetic account 001306,-7.52,0.00
30000217,Synthetic account 001307,7.53,4.26
40000217,Synthetic account 001308,-7.53,-4.26
10000218,Synthetic account 001309,7.54,0.00
11000218,Synthetic account 001310,-7.54,0.00
12000218,Synthetic account 001311,7.55,4.27
20000218,Synthetic account 001312,-7.55,-4.27
30000218,Synthetic account 001313,7.56,0.00
40000218,"Synthetic, quoted account 001314",-7.56,0.00
10000219,Synthetic account 001315,7.57,4.28
11000219,Synthetic account 001316,-7.57,-4.28
12000219,Synthetic account 001317,7.58,0.00
20000219,Synthetic account 001318,-7.58,0.00
30000219,Synthetic account 001319,7.59,4.29
40000219,Synthetic account 001320,-7.59,-4.29
10000220,Synthetic account 001321,7.60,0.00
11000220,Synthetic account 001322,-7.60,0.00
12000220,Synthetic account 001323,7.61,4.30
20000220,Synthetic account 001324,-7.61,-4.30
30000220,Synthetic account 001325,7.62,0.00
40000220,Synthetic account 001326,-7.62,0.00
10000221,Synthetic account 001327,7.63,4.31
11000221,Synthetic account 001328,-7.63,-4.31
12000221,Synthetic account 001329,7.64,0.00
20000221,Synthetic account 001330,-7.64,0.00
30000221,Synthetic account 001331,7.65,4.32
40000221,Synthetic account 001332,-7.65,-4.32
10000222,Synthetic account 001333,7.66,0.00
11000222,Synthetic account 001334,-7.66,0.00
12000222,Synthetic account 001335,7.67,4.33
20000222,Synthetic account 001336,-7.67,-4.33
30000222,Synthetic account 001337,7.68,0.00
40000222,Synthetic account 001338,-7.68,0.00
10000223,Synthetic account 001339,7.69,4.34
11000223,Synthetic account 001340,-7.69,-4.34
12000223,Synthetic account 001341,7.70,0.00
20000223,Synthetic account 001342,-7.70,0.00
30000223,Synthetic account 001343,7.71,4.35
40000223,Synthetic account 001344,-7.71,-4.35
10000224,Synthetic account 001345,7.72,0.00
11000224,Synthetic account 001346,-7.72,0.00
12000224,Synthetic account 001347,7.73,4.36
20000224,Synthetic account 001348,-7.73,-4.36
30000224,Synthetic account 001349,7.74,0.00
40000224,Synthetic account 001350,-7.74,0.00
10000225,Synthetic account 001351,7.75,4.37
11000225,Synthetic account 001352,-7.75,-4.37
12000225,Synthetic account 001353,7.76,0.00
20000225,Synthetic account 001354,-7.76,0.00
30000225,Synthetic account 001355,7.77,4.38
40000225,Synthetic account 001356,-7.77,-4.38
10000226,Synthetic account 001357,7.78,0.00
11000226,Synthetic account 001358,-7.78,0.00
12000226,Synthetic account 001359,7.79,4.39
20000226,Synthetic account 001360,-7.79,-4.39
30000226,Synthetic account 001361,7.80,0.00
40000226,Synthetic account 001362,-7.80,0.00
10000227,Synthetic account 001363,7.81,4.40
11000227,Synthetic account 001364,-7.81,-4.40
12000227,Synthetic account 001365,7.82,0.00
20000227,Synthetic account 001366,-7.82,0.00
30000227,Synthetic account 001367,7.83,4.41
40000227,Synthetic account 001368,-7.83,-4.41
10000228,Synthetic account 001369,7.84,0.00
11000228,Synthetic account 001370,-7.84,0.00
12000228,Synthetic account 001371,7.85,4.42
20000228,Synthetic account 001372,-7.85,-4.42
30000228,Synthetic account 001373,7.86,0.00
40000228,Synthetic account 001374,-7.86,0.00
10000229,Synthetic account 001375,7.87,4.43
11000229,Synthetic account 001376,-7.87,-4.43
12000229,Synthetic account 001377,7.88,0.00
20000229,Synthetic account 001378,-7.88,0.00
30000229,Synthetic account 001379,7.89,4.44
40000229,Synthetic account 001380,-7.89,-4.44
10000230,Synthetic account 001381,7.90,0.00
11000230,Synthetic account 001382,-7.90,0.00
12000230,Synthetic account 001383,7.91,4.45
20000230,Synthetic account 001384,-7.91,-4.45
30000230,Synthetic account 001385,7.92,0.00
40000230,Synthetic account 001386,-7.92,0.00
10000231,Synthetic account 001387,7.93,4.46
11000231,Synthetic account 001388,-7.93,-4.46
12000231,Synthetic account 001389,7.94,0.00
20000231,Synthetic account 001390,-7.94,0.00
30000231,Synthetic account 001391,7.95,4.47
40000231,Synthetic account 001392,-7.95,-4.47
10000232,Synthetic account 001393,7.96,0.00
11000232,Synthetic account 001394,-7.96,0.00
12000232,Synthetic account 001395,7.97,4.48
20000232,Synthetic account 001396,-7.97,-4.48
30000232,Synthetic account 001397,7.98,0.00
40000232,Synthetic account 001398,-7.98,0.00
10000233,Synthetic account 001399,7.99,4.49
11000233,Synthetic account 001400,-7.99,-4.49
12000233,Synthetic account 001401,8.00,0.00
20000233,Synthetic account 001402,-8.00,0.00
30000233,Synthetic account 001403,8.01,4.50
40000233,Synthetic account 001404,-8.01,-4.50
10000234,Synthetic account 001405,8.02,0.00
11000234,Synthetic account 001406,-8.02,0.00
12000234,Synthetic account 001407,8.03,4.51
20000234,Synthetic account 001408,-8.03,-4.51
30000234,Synthetic account 001409,8.04,0.00
40000234,Synthetic account 001410,-8.04,0.00
10000235,Synthetic account 001411,8.05,4.52
11000235,Synthetic account 001412,-8.05,-4.52
12000235,Synthetic account 001413,8.06,0.00
20000235,Synthetic account 001414,-8.06,0.00
30000235,"Synthetic, quoted account 001415",8.07,4.53
40000235,Synthetic account 001416,-8.07,-4.53
10000236,Synthetic account 001417,8.08,0.00
11000236,Synthetic account 001418,-8.08,0.00
12000236,Synthetic account 001419,8.09,4.54
20000236,Synthetic account 001420,-8.09,-4.54
30000236,Synthetic account 001421,8.10,0.00
40000236,Synthetic account 001422,-8.10,0.00
10000237,Synthetic account 001423,8.11,4.55
11000237,Synthetic account 001424,-8.11,-4.55
12000237,Synthetic account 001425,8.12,0.00
20000237,Synthetic account 001426,-8.12,0.00
30000237,Synthetic account 001427,8.13,4.56
40000237,Synthetic account 001428,-8.13,-4.56
10000238,Synthetic account 001429,8.14,0.00
11000238,Synthetic account 001430,-8.14,0.00
12000238,Synthetic account 001431,8.15,4.57
20000238,Synthetic account 001432,-8.15,-4.57
30000238,Synthetic account 001433,8.16,0.00
40000238,Synthetic account 001434,-8.16,0.00
10000239,Synthetic account 001435,8.17,4.58
11000239,Synthetic account 001436,-8.17,-4.58
12000239,Synthetic account 001437,8.18,0.00
20000239,Synthetic account 001438,-8.18,0.00
30000239,Synthetic account 001439,8.19,4.59
40000239,Synthetic account 001440,-8.19,-4.59
10000240,Synthetic account 001441,8.20,0.00
11000240,Synthetic account 001442,-8.20,0.00
12000240,Synthetic account 001443,8.21,4.60
20000240,Synthetic account 001444,-8.21,-4.60
30000240,Synthetic account 001445,8.22,0.00
40000240,Synthetic account 001446,-8.22,0.00
10000241,Synthetic account 001447,8.23,4.61
11000241,Synthetic account 001448,-8.23,-4.61
12000241,Synthetic account 001449,8.24,0.00
20000241,Synthetic account 001450,-8.24,0.00
30000241,Synthetic account 001451,8.25,4.62
40000241,Synthetic account 001452,-8.25,-4.62
10000242,Synthetic account 001453,8.26,0.00
11000242,Synthetic account 001454,-8.26,0.00
12000242,Synthetic account 001455,8.27,4.63
20000242,Synthetic account 001456,-8.27,-4.63
30000242,Synthetic account 001457,8.28,0.00
40000242,Synthetic account 001458,-8.28,0.00
10000243,Synthetic account 001459,8.29,4.64
11000243,Synthetic account 001460,-8.29,-4.64
12000243,Synthetic account 001461,8.30,0.00
20000243,Synthetic account 001462,-8.30,0.00
30000243,Synthetic account 001463,8.31,4.65
40000243,Synthetic account 001464,-8.31,-4.65
10000244,Synthetic account 001465,8.32,0.00
11000244,Synthetic account 001466,-8.32,0.00
12000244,Synthetic account 001467,8.33,4.66
20000244,Synthetic account 001468,-8.33,-4.66
30000244,Synthetic account 001469,8.34,0.00
40000244,Synthetic account 001470,-8.34,0.00
10000245,Synthetic account 001471,8.35,4.67
11000245,Synthetic account 001472,-8.35,-4.67
12000245,Synthetic account 001473,8.36,0.00
20000245,Synthetic account 001474,-8.36,0.00
30000245,Synthetic account 001475,8.37,4.68
40000245,Synthetic account 001476,-8.37,-4.68
10000246,Synthetic account 001477,8.38,0.00
11000246,"Synthetic ""review"" account 001478",-8.38,0.00
12000246,Synthetic account 001479,8.39,4.69
20000246,Synthetic account 001480,-8.39,-4.69
30000246,Synthetic account 001481,8.40,0.00
40000246,Synthetic account 001482,-8.40,0.00
10000247,Synthetic account 001483,8.41,4.70
11000247,Synthetic account 001484,-8.41,-4.70
12000247,Synthetic account 001485,8.42,0.00
20000247,Synthetic account 001486,-8.42,0.00
30000247,Synthetic account 001487,8.43,4.71
40000247,Synthetic account 001488,-8.43,-4.71
10000248,Synthetic account 001489,8.44,0.00
11000248,Synthetic account 001490,-8.44,0.00
12000248,Synthetic account 001491,8.45,4.72
20000248,Synthetic account 001492,-8.45,-4.72
30000248,Synthetic account 001493,8.46,0.00
40000248,Synthetic account 001494,-8.46,0.00
10000249,Synthetic account 001495,8.47,4.73
11000249,Synthetic account 001496,-8.47,-4.73
12000249,Synthetic account 001497,8.48,0.00
20000249,Synthetic account 001498,-8.48,0.00
30000249,Synthetic account 001499,8.49,4.74
40000249,Synthetic account 001500,-8.49,-4.74
10000250,Synthetic account 001501,8.50,0.00
11000250,Synthetic account 001502,-8.50,0.00
12000250,Synthetic account 001503,8.51,4.75
20000250,Synthetic account 001504,-8.51,-4.75
30000250,Synthetic account 001505,8.52,0.00
40000250,Synthetic account 001506,-8.52,0.00
10000251,Synthetic account 001507,8.53,4.76
11000251,Synthetic account 001508,-8.53,-4.76
12000251,Synthetic account 001509,8.54,0.00
20000251,Synthetic account 001510,-8.54,0.00
30000251,Synthetic account 001511,8.55,4.77
40000251,Synthetic account 001512,-8.55,-4.77
10000252,Synthetic account 001513,8.56,0.00
11000252,Synthetic account 001514,-8.56,0.00
12000252,Synthetic account 001515,8.57,4.78
20000252,"Synthetic, quoted account 001516",-8.57,-4.78
30000252,Synthetic account 001517,8.58,0.00
40000252,Synthetic account 001518,-8.58,0.00
10000253,Synthetic account 001519,8.59,4.79
11000253,Synthetic account 001520,-8.59,-4.79
12000253,Synthetic account 001521,8.60,0.00
20000253,Synthetic account 001522,-8.60,0.00
30000253,Synthetic account 001523,8.61,4.80
40000253,Synthetic account 001524,-8.61,-4.80
10000254,Synthetic account 001525,8.62,0.00
11000254,Synthetic account 001526,-8.62,0.00
12000254,Synthetic account 001527,8.63,4.81
20000254,Synthetic account 001528,-8.63,-4.81
30000254,Synthetic account 001529,8.64,0.00
40000254,Synthetic account 001530,-8.64,0.00
10000255,Synthetic account 001531,8.65,4.82
11000255,Synthetic account 001532,-8.65,-4.82
12000255,Synthetic account 001533,8.66,0.00
20000255,Synthetic account 001534,-8.66,0.00
30000255,Synthetic account 001535,8.67,4.83
40000255,Synthetic account 001536,-8.67,-4.83
10000256,Synthetic account 001537,8.68,0.00
11000256,Synthetic account 001538,-8.68,0.00
12000256,Synthetic account 001539,8.69,4.84
20000256,Synthetic account 001540,-8.69,-4.84
30000256,Synthetic account 001541,8.70,0.00
40000256,Synthetic account 001542,-8.70,0.00
10000257,Synthetic account 001543,8.71,4.85
11000257,Synthetic account 001544,-8.71,-4.85
12000257,Synthetic account 001545,8.72,0.00
20000257,Synthetic account 001546,-8.72,0.00
30000257,Synthetic account 001547,8.73,4.86
40000257,Synthetic account 001548,-8.73,-4.86
10000258,Synthetic account 001549,8.74,0.00
11000258,Synthetic account 001550,-8.74,0.00
12000258,Synthetic account 001551,8.75,4.87
20000258,Synthetic account 001552,-8.75,-4.87
30000258,Synthetic account 001553,8.76,0.00
40000258,Synthetic account 001554,-8.76,0.00
10000259,Synthetic account 001555,8.77,4.88
11000259,Synthetic account 001556,-8.77,-4.88
12000259,Synthetic account 001557,8.78,0.00
20000259,Synthetic account 001558,-8.78,0.00
30000259,Synthetic account 001559,8.79,4.89
40000259,Synthetic account 001560,-8.79,-4.89
10000260,Synthetic account 001561,8.80,0.00
11000260,Synthetic account 001562,-8.80,0.00
12000260,Synthetic account 001563,8.81,4.90
20000260,Synthetic account 001564,-8.81,-4.90
30000260,Synthetic account 001565,8.82,0.00
40000260,Synthetic account 001566,-8.82,0.00
10000261,Synthetic account 001567,8.83,4.91
11000261,Synthetic account 001568,-8.83,-4.91
12000261,Synthetic account 001569,8.84,0.00
20000261,Synthetic account 001570,-8.84,0.00
30000261,Synthetic account 001571,8.85,4.92
40000261,Synthetic account 001572,-8.85,-4.92
10000262,Synthetic account 001573,8.86,0.00
11000262,Synthetic account 001574,-8.86,0.00
12000262,Synthetic account 001575,8.87,4.93
20000262,Synthetic account 001576,-8.87,-4.93
30000262,Synthetic account 001577,8.88,0.00
40000262,Synthetic account 001578,-8.88,0.00
10000263,Synthetic account 001579,8.89,4.94
11000263,Synthetic account 001580,-8.89,-4.94
12000263,Synthetic account 001581,8.90,0.00
20000263,Synthetic account 001582,-8.90,0.00
30000263,Synthetic account 001583,8.91,4.95
40000263,Synthetic account 001584,-8.91,-4.95
10000264,Synthetic account 001585,8.92,0.00
11000264,Synthetic account 001586,-8.92,0.00
12000264,Synthetic account 001587,8.93,4.96
20000264,Synthetic account 001588,-8.93,-4.96
30000264,Synthetic account 001589,8.94,0.00
40000264,Synthetic account 001590,-8.94,0.00
10000265,Synthetic account 001591,8.95,4.97
11000265,Synthetic account 001592,-8.95,-4.97
12000265,Synthetic account 001593,8.96,0.00
20000265,Synthetic account 001594,-8.96,0.00
30000265,Synthetic account 001595,8.97,4.98
40000265,Synthetic account 001596,-8.97,-4.98
10000266,Synthetic account 001597,8.98,0.00
11000266,Synthetic account 001598,-8.98,0.00
12000266,Synthetic account 001599,8.99,4.99
20000266,Synthetic account 001600,-8.99,-4.99
30000266,Synthetic account 001601,9.00,0.00
40000266,Synthetic account 001602,-9.00,0.00
10000267,Synthetic account 001603,9.01,5.00
11000267,Synthetic account 001604,-9.01,-5.00
12000267,Synthetic account 001605,9.02,0.00
20000267,Synthetic account 001606,-9.02,0.00
30000267,Synthetic account 001607,9.03,5.01
40000267,Synthetic account 001608,-9.03,-5.01
10000268,Synthetic account 001609,9.04,0.00
11000268,Synthetic account 001610,-9.04,0.00
12000268,Synthetic account 001611,9.05,5.02
20000268,Synthetic account 001612,-9.05,-5.02
30000268,Synthetic account 001613,9.06,0.00
40000268,Synthetic account 001614,-9.06,0.00
10000269,Synthetic account 001615,9.07,5.03
11000269,Synthetic account 001616,-9.07,-5.03
12000269,"Synthetic, quoted account 001617",9.08,0.00
20000269,Synthetic account 001618,-9.08,0.00
30000269,Synthetic account 001619,9.09,5.04
40000269,Synthetic account 001620,-9.09,-5.04
10000270,Synthetic account 001621,9.10,0.00
11000270,Synthetic account 001622,-9.10,0.00
12000270,Synthetic account 001623,9.11,5.05
20000270,Synthetic account 001624,-9.11,-5.05
30000270,Synthetic account 001625,9.12,0.00
40000270,Synthetic account 001626,-9.12,0.00
10000271,Synthetic account 001627,9.13,5.06
11000271,Synthetic account 001628,-9.13,-5.06
12000271,Synthetic account 001629,9.14,0.00
20000271,Synthetic account 001630,-9.14,0.00
30000271,Synthetic account 001631,9.15,5.07
40000271,Synthetic account 001632,-9.15,-5.07
10000272,Synthetic account 001633,9.16,0.00
11000272,Synthetic account 001634,-9.16,0.00
12000272,Synthetic account 001635,9.17,5.08
20000272,Synthetic account 001636,-9.17,-5.08
30000272,Synthetic account 001637,9.18,0.00
40000272,Synthetic account 001638,-9.18,0.00
10000273,Synthetic account 001639,9.19,5.09
11000273,Synthetic account 001640,-9.19,-5.09
12000273,Synthetic account 001641,9.20,0.00
20000273,Synthetic account 001642,-9.20,0.00
30000273,Synthetic account 001643,9.21,5.10
40000273,Synthetic account 001644,-9.21,-5.10
10000274,Synthetic account 001645,9.22,0.00
11000274,Synthetic account 001646,-9.22,0.00
12000274,Synthetic account 001647,9.23,5.11
20000274,Synthetic account 001648,-9.23,-5.11
30000274,Synthetic account 001649,9.24,0.00
40000274,Synthetic account 001650,-9.24,0.00
10000275,Synthetic account 001651,9.25,5.12
11000275,Synthetic account 001652,-9.25,-5.12
12000275,Synthetic account 001653,9.26,0.00
20000275,Synthetic account 001654,-9.26,0.00
30000275,Synthetic account 001655,9.27,5.13
40000275,Synthetic account 001656,-9.27,-5.13
10000276,Synthetic account 001657,9.28,0.00
11000276,Synthetic account 001658,-9.28,0.00
12000276,Synthetic account 001659,9.29,5.14
20000276,Synthetic account 001660,-9.29,-5.14
30000276,Synthetic account 001661,9.30,0.00
40000276,Synthetic account 001662,-9.30,0.00
10000277,Synthetic account 001663,9.31,5.15
11000277,Synthetic account 001664,-9.31,-5.15
12000277,Synthetic account 001665,9.32,0.00
20000277,Synthetic account 001666,-9.32,0.00
30000277,Synthetic account 001667,9.33,5.16
40000277,Synthetic account 001668,-9.33,-5.16
10000278,Synthetic account 001669,9.34,0.00
11000278,Synthetic account 001670,-9.34,0.00
12000278,Synthetic account 001671,9.35,5.17
20000278,Synthetic account 001672,-9.35,-5.17
30000278,Synthetic account 001673,9.36,0.00
40000278,Synthetic account 001674,-9.36,0.00
10000279,Synthetic account 001675,9.37,5.18
11000279,Synthetic account 001676,-9.37,-5.18
12000279,Synthetic account 001677,9.38,0.00
20000279,Synthetic account 001678,-9.38,0.00
30000279,Synthetic account 001679,9.39,5.19
40000279,Synthetic account 001680,-9.39,-5.19
10000280,Synthetic account 001681,9.40,0.00
11000280,Synthetic account 001682,-9.40,0.00
12000280,Synthetic account 001683,9.41,5.20
20000280,Synthetic account 001684,-9.41,-5.20
30000280,Synthetic account 001685,9.42,0.00
40000280,Synthetic account 001686,-9.42,0.00
10000281,Synthetic account 001687,9.43,5.21
11000281,Synthetic account 001688,-9.43,-5.21
12000281,"Synthetic ""review"" account 001689",9.44,0.00
20000281,Synthetic account 001690,-9.44,0.00
30000281,Synthetic account 001691,9.45,5.22
40000281,Synthetic account 001692,-9.45,-5.22
10000282,Synthetic account 001693,9.46,0.00
11000282,Synthetic account 001694,-9.46,0.00
12000282,Synthetic account 001695,9.47,5.23
20000282,Synthetic account 001696,-9.47,-5.23
30000282,Synthetic account 001697,9.48,0.00
40000282,Synthetic account 001698,-9.48,0.00
10000283,Synthetic account 001699,9.49,5.24
11000283,Synthetic account 001700,-9.49,-5.24
12000283,Synthetic account 001701,9.50,0.00
20000283,Synthetic account 001702,-9.50,0.00
30000283,Synthetic account 001703,9.51,5.25
40000283,Synthetic account 001704,-9.51,-5.25
10000284,Synthetic account 001705,9.52,0.00
11000284,Synthetic account 001706,-9.52,0.00
12000284,Synthetic account 001707,9.53,5.26
20000284,Synthetic account 001708,-9.53,-5.26
30000284,Synthetic account 001709,9.54,0.00
40000284,Synthetic account 001710,-9.54,0.00
10000285,Synthetic account 001711,9.55,5.27
11000285,Synthetic account 001712,-9.55,-5.27
12000285,Synthetic account 001713,9.56,0.00
20000285,Synthetic account 001714,-9.56,0.00
30000285,Synthetic account 001715,9.57,5.28
40000285,Synthetic account 001716,-9.57,-5.28
10000286,Synthetic account 001717,9.58,0.00
11000286,"Synthetic, quoted account 001718",-9.58,0.00
12000286,Synthetic account 001719,9.59,5.29
20000286,Synthetic account 001720,-9.59,-5.29
30000286,Synthetic account 001721,9.60,0.00
40000286,Synthetic account 001722,-9.60,0.00
10000287,Synthetic account 001723,9.61,5.30
11000287,Synthetic account 001724,-9.61,-5.30
12000287,Synthetic account 001725,9.62,0.00
20000287,Synthetic account 001726,-9.62,0.00
30000287,Synthetic account 001727,9.63,5.31
40000287,Synthetic account 001728,-9.63,-5.31
10000288,Synthetic account 001729,9.64,0.00
11000288,Synthetic account 001730,-9.64,0.00
12000288,Synthetic account 001731,9.65,5.32
20000288,Synthetic account 001732,-9.65,-5.32
30000288,Synthetic account 001733,9.66,0.00
40000288,Synthetic account 001734,-9.66,0.00
10000289,Synthetic account 001735,9.67,5.33
11000289,Synthetic account 001736,-9.67,-5.33
12000289,Synthetic account 001737,9.68,0.00
20000289,Synthetic account 001738,-9.68,0.00
30000289,Synthetic account 001739,9.69,5.34
40000289,Synthetic account 001740,-9.69,-5.34
10000290,Synthetic account 001741,9.70,0.00
11000290,Synthetic account 001742,-9.70,0.00
12000290,Synthetic account 001743,9.71,5.35
20000290,Synthetic account 001744,-9.71,-5.35
30000290,Synthetic account 001745,9.72,0.00
40000290,Synthetic account 001746,-9.72,0.00
10000291,Synthetic account 001747,9.73,5.36
11000291,Synthetic account 001748,-9.73,-5.36
12000291,Synthetic account 001749,9.74,0.00
20000291,Synthetic account 001750,-9.74,0.00
30000291,Synthetic account 001751,9.75,5.37
40000291,Synthetic account 001752,-9.75,-5.37
10000292,Synthetic account 001753,9.76,0.00
11000292,Synthetic account 001754,-9.76,0.00
12000292,Synthetic account 001755,9.77,5.38
20000292,Synthetic account 001756,-9.77,-5.38
30000292,Synthetic account 001757,9.78,0.00
40000292,Synthetic account 001758,-9.78,0.00
10000293,Synthetic account 001759,9.79,5.39
11000293,Synthetic account 001760,-9.79,-5.39
12000293,Synthetic account 001761,9.80,0.00
20000293,Synthetic account 001762,-9.80,0.00
30000293,Synthetic account 001763,9.81,5.40
40000293,Synthetic account 001764,-9.81,-5.40
10000294,Synthetic account 001765,9.82,0.00
11000294,Synthetic account 001766,-9.82,0.00
12000294,Synthetic account 001767,9.83,5.41
20000294,Synthetic account 001768,-9.83,-5.41
30000294,Synthetic account 001769,9.84,0.00
40000294,Synthetic account 001770,-9.84,0.00
10000295,Synthetic account 001771,9.85,5.42
11000295,Synthetic account 001772,-9.85,-5.42
12000295,Synthetic account 001773,9.86,0.00
20000295,Synthetic account 001774,-9.86,0.00
30000295,Synthetic account 001775,9.87,5.43
40000295,Synthetic account 001776,-9.87,-5.43
10000296,Synthetic account 001777,9.88,0.00
11000296,Synthetic account 001778,-9.88,0.00
12000296,Synthetic account 001779,9.89,5.44
20000296,Synthetic account 001780,-9.89,-5.44
30000296,Synthetic account 001781,9.90,0.00
40000296,Synthetic account 001782,-9.90,0.00
10000297,Synthetic account 001783,9.91,5.45
11000297,Synthetic account 001784,-9.91,-5.45
12000297,Synthetic account 001785,9.92,0.00
20000297,Synthetic account 001786,-9.92,0.00
30000297,Synthetic account 001787,9.93,5.46
40000297,Synthetic account 001788,-9.93,-5.46
10000298,Synthetic account 001789,9.94,0.00
11000298,Synthetic account 001790,-9.94,0.00
12000298,Synthetic account 001791,9.95,5.47
20000298,Synthetic account 001792,-9.95,-5.47
30000298,Synthetic account 001793,9.96,0.00
40000298,Synthetic account 001794,-9.96,0.00
10000299,Synthetic account 001795,9.97,5.48
11000299,Synthetic account 001796,-9.97,-5.48
12000299,Synthetic account 001797,9.98,0.00
20000299,Synthetic account 001798,-9.98,0.00
30000299,Synthetic account 001799,9.99,5.49
40000299,Synthetic account 001800,-9.99,-5.49
10000300,Synthetic account 001801,10.00,0.00
11000300,Synthetic account 001802,-10.00,0.00
12000300,Synthetic account 001803,10.01,5.50
20000300,Synthetic account 001804,-10.01,-5.50
30000300,Synthetic account 001805,10.02,0.00
40000300,Synthetic account 001806,-10.02,0.00
10000301,Synthetic account 001807,10.03,5.51
11000301,Synthetic account 001808,-10.03,-5.51
12000301,Synthetic account 001809,10.04,0.00
20000301,Synthetic account 001810,-10.04,0.00
30000301,Synthetic account 001811,10.05,5.52
40000301,Synthetic account 001812,-10.05,-5.52
10000302,Synthetic account 001813,10.06,0.00
11000302,Synthetic account 001814,-10.06,0.00
12000302,Synthetic account 001815,10.07,5.53
20000302,Synthetic account 001816,-10.07,-5.53
30000302,Synthetic account 001817,10.08,0.00
40000302,Synthetic account 001818,-10.08,0.00
10000303,"Synthetic, quoted account 001819",10.09,5.54
11000303,Synthetic account 001820,-10.09,-5.54
12000303,Synthetic account 001821,10.10,0.00
20000303,Synthetic account 001822,-10.10,0.00
30000303,Synthetic account 001823,10.11,5.55
40000303,Synthetic account 001824,-10.11,-5.55
10000304,Synthetic account 001825,10.12,0.00
11000304,Synthetic account 001826,-10.12,0.00
12000304,Synthetic account 001827,10.13,5.56
20000304,Synthetic account 001828,-10.13,-5.56
30000304,Synthetic account 001829,10.14,0.00
40000304,Synthetic account 001830,-10.14,0.00
10000305,Synthetic account 001831,10.15,5.57
11000305,Synthetic account 001832,-10.15,-5.57
12000305,Synthetic account 001833,10.16,0.00
20000305,Synthetic account 001834,-10.16,0.00
30000305,Synthetic account 001835,10.17,5.58
40000305,Synthetic account 001836,-10.17,-5.58
10000306,Synthetic account 001837,10.18,0.00
11000306,Synthetic account 001838,-10.18,0.00
12000306,Synthetic account 001839,10.19,5.59
20000306,Synthetic account 001840,-10.19,-5.59
30000306,Synthetic account 001841,10.20,0.00
40000306,Synthetic account 001842,-10.20,0.00
10000307,Synthetic account 001843,10.21,5.60
11000307,Synthetic account 001844,-10.21,-5.60
12000307,Synthetic account 001845,10.22,0.00
20000307,Synthetic account 001846,-10.22,0.00
30000307,Synthetic account 001847,10.23,5.61
40000307,Synthetic account 001848,-10.23,-5.61
10000308,Synthetic account 001849,10.24,0.00
11000308,Synthetic account 001850,-10.24,0.00
12000308,Synthetic account 001851,10.25,5.62
20000308,Synthetic account 001852,-10.25,-5.62
30000308,Synthetic account 001853,10.26,0.00
40000308,Synthetic account 001854,-10.26,0.00
10000309,Synthetic account 001855,10.27,5.63
11000309,Synthetic account 001856,-10.27,-5.63
12000309,Synthetic account 001857,10.28,0.00
20000309,Synthetic account 001858,-10.28,0.00
30000309,Synthetic account 001859,10.29,5.64
40000309,Synthetic account 001860,-10.29,-5.64
10000310,Synthetic account 001861,10.30,0.00
11000310,Synthetic account 001862,-10.30,0.00
12000310,Synthetic account 001863,10.31,5.65
20000310,Synthetic account 001864,-10.31,-5.65
30000310,Synthetic account 001865,10.32,0.00
40000310,Synthetic account 001866,-10.32,0.00
10000311,Synthetic account 001867,10.33,5.66
11000311,Synthetic account 001868,-10.33,-5.66
12000311,Synthetic account 001869,10.34,0.00
20000311,Synthetic account 001870,-10.34,0.00
30000311,Synthetic account 001871,10.35,5.67
40000311,Synthetic account 001872,-10.35,-5.67
10000312,Synthetic account 001873,10.36,0.00
11000312,Synthetic account 001874,-10.36,0.00
12000312,Synthetic account 001875,10.37,5.68
20000312,Synthetic account 001876,-10.37,-5.68
30000312,Synthetic account 001877,10.38,0.00
40000312,Synthetic account 001878,-10.38,0.00
10000313,Synthetic account 001879,10.39,5.69
11000313,Synthetic account 001880,-10.39,-5.69
12000313,Synthetic account 001881,10.40,0.00
20000313,Synthetic account 001882,-10.40,0.00
30000313,Synthetic account 001883,10.41,5.70
40000313,Synthetic account 001884,-10.41,-5.70
10000314,Synthetic account 001885,10.42,0.00
11000314,Synthetic account 001886,-10.42,0.00
12000314,Synthetic account 001887,10.43,5.71
20000314,Synthetic account 001888,-10.43,-5.71
30000314,Synthetic account 001889,10.44,0.00
40000314,Synthetic account 001890,-10.44,0.00
10000315,Synthetic account 001891,10.45,5.72
11000315,Synthetic account 001892,-10.45,-5.72
12000315,Synthetic account 001893,10.46,0.00
20000315,Synthetic account 001894,-10.46,0.00
30000315,Synthetic account 001895,10.47,5.73
40000315,Synthetic account 001896,-10.47,-5.73
10000316,Synthetic account 001897,10.48,0.00
11000316,Synthetic account 001898,-10.48,0.00
12000316,Synthetic account 001899,10.49,5.74
20000316,"Synthetic ""review"" account 001900",-10.49,-5.74
30000316,Synthetic account 001901,10.50,0.00
40000316,Synthetic account 001902,-10.50,0.00
10000317,Synthetic account 001903,10.51,5.75
11000317,Synthetic account 001904,-10.51,-5.75
12000317,Synthetic account 001905,10.52,0.00
20000317,Synthetic account 001906,-10.52,0.00
30000317,Synthetic account 001907,10.53,5.76
40000317,Synthetic account 001908,-10.53,-5.76
10000318,Synthetic account 001909,10.54,0.00
11000318,Synthetic account 001910,-10.54,0.00
12000318,Synthetic account 001911,10.55,5.77
20000318,Synthetic account 001912,-10.55,-5.77
30000318,Synthetic account 001913,10.56,0.00
40000318,Synthetic account 001914,-10.56,0.00
10000319,Synthetic account 001915,10.57,5.78
11000319,Synthetic account 001916,-10.57,-5.78
12000319,Synthetic account 001917,10.58,0.00
20000319,Synthetic account 001918,-10.58,0.00
30000319,Synthetic account 001919,10.59,5.79
40000319,"Synthetic, quoted account 001920",-10.59,-5.79
10000320,Synthetic account 001921,10.60,0.00
11000320,Synthetic account 001922,-10.60,0.00
12000320,Synthetic account 001923,10.61,5.80
20000320,Synthetic account 001924,-10.61,-5.80
30000320,Synthetic account 001925,10.62,0.00
40000320,Synthetic account 001926,-10.62,0.00
10000321,Synthetic account 001927,10.63,5.81
11000321,Synthetic account 001928,-10.63,-5.81
12000321,Synthetic account 001929,10.64,0.00
20000321,Synthetic account 001930,-10.64,0.00
30000321,Synthetic account 001931,10.65,5.82
40000321,Synthetic account 001932,-10.65,-5.82
10000322,Synthetic account 001933,10.66,0.00
11000322,Synthetic account 001934,-10.66,0.00
12000322,Synthetic account 001935,10.67,5.83
20000322,Synthetic account 001936,-10.67,-5.83
30000322,Synthetic account 001937,10.68,0.00
40000322,Synthetic account 001938,-10.68,0.00
10000323,Synthetic account 001939,10.69,5.84
11000323,Synthetic account 001940,-10.69,-5.84
12000323,Synthetic account 001941,10.70,0.00
20000323,Synthetic account 001942,-10.70,0.00
30000323,Synthetic account 001943,10.71,5.85
40000323,Synthetic account 001944,-10.71,-5.85
10000324,Synthetic account 001945,10.72,0.00
11000324,Synthetic account 001946,-10.72,0.00
12000324,Synthetic account 001947,10.73,5.86
20000324,Synthetic account 001948,-10.73,-5.86
30000324,Synthetic account 001949,10.74,0.00
40000324,Synthetic account 001950,-10.74,0.00
10000325,Synthetic account 001951,10.75,5.87
11000325,Synthetic account 001952,-10.75,-5.87
12000325,Synthetic account 001953,10.76,0.00
20000325,Synthetic account 001954,-10.76,0.00
30000325,Synthetic account 001955,10.77,5.88
40000325,Synthetic account 001956,-10.77,-5.88
10000326,Synthetic account 001957,10.78,0.00
11000326,Synthetic account 001958,-10.78,0.00
12000326,Synthetic account 001959,10.79,5.89
20000326,Synthetic account 001960,-10.79,-5.89
30000326,Synthetic account 001961,10.80,0.00
40000326,Synthetic account 001962,-10.80,0.00
10000327,Synthetic account 001963,10.81,5.90
11000327,Synthetic account 001964,-10.81,-5.90
12000327,Synthetic account 001965,10.82,0.00
20000327,Synthetic account 001966,-10.82,0.00
30000327,Synthetic account 001967,10.83,5.91
40000327,Synthetic account 001968,-10.83,-5.91
10000328,Synthetic account 001969,10.84,0.00
11000328,Synthetic account 001970,-10.84,0.00
12000328,Synthetic account 001971,10.85,5.92
20000328,Synthetic account 001972,-10.85,-5.92
30000328,Synthetic account 001973,10.86,0.00
40000328,Synthetic account 001974,-10.86,0.00
10000329,Synthetic account 001975,10.87,5.93
11000329,Synthetic account 001976,-10.87,-5.93
12000329,Synthetic account 001977,10.88,0.00
20000329,Synthetic account 001978,-10.88,0.00
30000329,Synthetic account 001979,10.89,5.94
40000329,Synthetic account 001980,-10.89,-5.94
10000330,Synthetic account 001981,10.90,0.00
11000330,Synthetic account 001982,-10.90,0.00
12000330,Synthetic account 001983,10.91,5.95
20000330,Synthetic account 001984,-10.91,-5.95
30000330,Synthetic account 001985,10.92,0.00
40000330,Synthetic account 001986,-10.92,0.00
10000331,Synthetic account 001987,10.93,5.96
11000331,Synthetic account 001988,-10.93,-5.96
12000331,Synthetic account 001989,10.94,0.00
20000331,Synthetic account 001990,-10.94,0.00
30000331,Synthetic account 001991,10.95,5.97
40000331,Synthetic account 001992,-10.95,-5.97
10000332,Synthetic account 001993,10.96,0.00
11000332,Synthetic account 001994,-10.96,0.00
12000332,Synthetic account 001995,1.00,5.98
20000332,Synthetic account 001996,-1.00,-5.98
30000332,Synthetic account 001997,1.01,0.00
40000332,Synthetic account 001998,-1.01,0.00
10000333,Synthetic account 001999,1.02,5.99
11000333,Synthetic account 002000,-1.02,-5.99
12000333,Synthetic account 002001,1.03,0.00
20000333,Synthetic account 002002,-1.03,0.00
30000333,Synthetic account 002003,1.04,6.00
40000333,Synthetic account 002004,-1.04,-6.00
10000334,Synthetic account 002005,1.05,0.00
11000334,Synthetic account 002006,-1.05,0.00
12000334,Synthetic account 002007,1.06,6.01
20000334,Synthetic account 002008,-1.06,-6.01
30000334,Synthetic account 002009,1.07,0.00
40000334,Synthetic account 002010,-1.07,0.00
10000335,Synthetic account 002011,1.08,6.02
11000335,Synthetic account 002012,-1.08,-6.02
12000335,Synthetic account 002013,1.09,0.00
20000335,Synthetic account 002014,-1.09,0.00
30000335,Synthetic account 002015,1.10,6.03
40000335,Synthetic account 002016,-1.10,-6.03
10000336,Synthetic account 002017,1.11,0.00
11000336,Synthetic account 002018,-1.11,0.00
12000336,Synthetic account 002019,1.12,6.04
20000336,Synthetic account 002020,-1.12,-6.04
30000336,"Synthetic, quoted account 002021",1.13,0.00
40000336,Synthetic account 002022,-1.13,0.00
10000337,Synthetic account 002023,1.14,6.05
11000337,Synthetic account 002024,-1.14,-6.05
12000337,Synthetic account 002025,1.15,0.00
20000337,Synthetic account 002026,-1.15,0.00
30000337,Synthetic account 002027,1.16,6.06
40000337,Synthetic account 002028,-1.16,-6.06
10000338,Synthetic account 002029,1.17,0.00
11000338,Synthetic account 002030,-1.17,0.00
12000338,Synthetic account 002031,1.18,6.07
20000338,Synthetic account 002032,-1.18,-6.07
30000338,Synthetic account 002033,1.19,0.00
40000338,Synthetic account 002034,-1.19,0.00
10000339,Synthetic account 002035,1.20,6.08
11000339,Synthetic account 002036,-1.20,-6.08
12000339,Synthetic account 002037,1.21,0.00
20000339,Synthetic account 002038,-1.21,0.00
30000339,Synthetic account 002039,1.22,6.09
40000339,Synthetic account 002040,-1.22,-6.09
10000340,Synthetic account 002041,1.23,0.00
11000340,Synthetic account 002042,-1.23,0.00
12000340,Synthetic account 002043,1.24,6.10
20000340,Synthetic account 002044,-1.24,-6.10
30000340,Synthetic account 002045,1.25,0.00
40000340,Synthetic account 002046,-1.25,0.00
10000341,Synthetic account 002047,1.26,6.11
11000341,Synthetic account 002048,-1.26,-6.11
12000341,Synthetic account 002049,1.27,0.00
20000341,Synthetic account 002050,-1.27,0.00
30000341,Synthetic account 002051,1.28,6.12
40000341,Synthetic account 002052,-1.28,-6.12
10000342,Synthetic account 002053,1.29,0.00
11000342,Synthetic account 002054,-1.29,0.00
12000342,Synthetic account 002055,1.30,6.13
20000342,Synthetic account 002056,-1.30,-6.13
30000342,Synthetic account 002057,1.31,0.00
40000342,Synthetic account 002058,-1.31,0.00
10000343,Synthetic account 002059,1.32,6.14
11000343,Synthetic account 002060,-1.32,-6.14
12000343,Synthetic account 002061,1.33,0.00
20000343,Synthetic account 002062,-1.33,0.00
30000343,Synthetic account 002063,1.34,6.15
40000343,Synthetic account 002064,-1.34,-6.15
10000344,Synthetic account 002065,1.35,0.00
11000344,Synthetic account 002066,-1.35,0.00
12000344,Synthetic account 002067,1.36,6.16
20000344,Synthetic account 002068,-1.36,-6.16
30000344,Synthetic account 002069,1.37,0.00
40000344,Synthetic account 002070,-1.37,0.00
10000345,Synthetic account 002071,1.38,6.17
11000345,Synthetic account 002072,-1.38,-6.17
12000345,Synthetic account 002073,1.39,0.00
20000345,Synthetic account 002074,-1.39,0.00
30000345,Synthetic account 002075,1.40,6.18
40000345,Synthetic account 002076,-1.40,-6.18
10000346,Synthetic account 002077,1.41,0.00
11000346,Synthetic account 002078,-1.41,0.00
12000346,Synthetic account 002079,1.42,6.19
20000346,Synthetic account 002080,-1.42,-6.19
30000346,Synthetic account 002081,1.43,0.00
40000346,Synthetic account 002082,-1.43,0.00
10000347,Synthetic account 002083,1.44,6.20
11000347,Synthetic account 002084,-1.44,-6.20
12000347,Synthetic account 002085,1.45,0.00
20000347,Synthetic account 002086,-1.45,0.00
30000347,Synthetic account 002087,1.46,6.21
40000347,Synthetic account 002088,-1.46,-6.21
10000348,Synthetic account 002089,1.47,0.00
11000348,Synthetic account 002090,-1.47,0.00
12000348,Synthetic account 002091,1.48,6.22
20000348,Synthetic account 002092,-1.48,-6.22
30000348,Synthetic account 002093,1.49,0.00
40000348,Synthetic account 002094,-1.49,0.00
10000349,Synthetic account 002095,1.50,6.23
11000349,Synthetic account 002096,-1.50,-6.23
12000349,Synthetic account 002097,1.51,0.00
20000349,Synthetic account 002098,-1.51,0.00
30000349,Synthetic account 002099,1.52,6.24
40000349,Synthetic account 002100,-1.52,-6.24
10000350,Synthetic account 002101,1.53,0.00
11000350,Synthetic account 002102,-1.53,0.00
12000350,Synthetic account 002103,1.54,6.25
20000350,Synthetic account 002104,-1.54,-6.25
30000350,Synthetic account 002105,1.55,0.00
40000350,Synthetic account 002106,-1.55,0.00
10000351,Synthetic account 002107,1.56,6.26
11000351,Synthetic account 002108,-1.56,-6.26
12000351,Synthetic account 002109,1.57,0.00
20000351,Synthetic account 002110,-1.57,0.00
30000351,"Synthetic ""review"" account 002111",1.58,6.27
40000351,Synthetic account 002112,-1.58,-6.27
10000352,Synthetic account 002113,1.59,0.00
11000352,Synthetic account 002114,-1.59,0.00
12000352,Synthetic account 002115,1.60,6.28
20000352,Synthetic account 002116,-1.60,-6.28
30000352,Synthetic account 002117,1.61,0.00
40000352,Synthetic account 002118,-1.61,0.00
10000353,Synthetic account 002119,1.62,6.29
11000353,Synthetic account 002120,-1.62,-6.29
12000353,Synthetic account 002121,1.63,0.00
20000353,"Synthetic, quoted account 002122",-1.63,0.00
30000353,Synthetic account 002123,1.64,6.30
40000353,Synthetic account 002124,-1.64,-6.30
10000354,Synthetic account 002125,1.65,0.00
11000354,Synthetic account 002126,-1.65,0.00
12000354,Synthetic account 002127,1.66,6.31
20000354,Synthetic account 002128,-1.66,-6.31
30000354,Synthetic account 002129,1.67,0.00
40000354,Synthetic account 002130,-1.67,0.00
10000355,Synthetic account 002131,1.68,6.32
11000355,Synthetic account 002132,-1.68,-6.32
12000355,Synthetic account 002133,1.69,0.00
20000355,Synthetic account 002134,-1.69,0.00
30000355,Synthetic account 002135,1.70,6.33
40000355,Synthetic account 002136,-1.70,-6.33
10000356,Synthetic account 002137,1.71,0.00
11000356,Synthetic account 002138,-1.71,0.00
12000356,Synthetic account 002139,1.72,6.34
20000356,Synthetic account 002140,-1.72,-6.34
30000356,Synthetic account 002141,1.73,0.00
40000356,Synthetic account 002142,-1.73,0.00
10000357,Synthetic account 002143,1.74,6.35
11000357,Synthetic account 002144,-1.74,-6.35
12000357,Synthetic account 002145,1.75,0.00
20000357,Synthetic account 002146,-1.75,0.00
30000357,Synthetic account 002147,1.76,6.36
40000357,Synthetic account 002148,-1.76,-6.36
10000358,Synthetic account 002149,1.77,0.00
11000358,Synthetic account 002150,-1.77,0.00
12000358,Synthetic account 002151,1.78,6.37
20000358,Synthetic account 002152,-1.78,-6.37
30000358,Synthetic account 002153,1.79,0.00
40000358,Synthetic account 002154,-1.79,0.00
10000359,Synthetic account 002155,1.80,6.38
11000359,Synthetic account 002156,-1.80,-6.38
12000359,Synthetic account 002157,1.81,0.00
20000359,Synthetic account 002158,-1.81,0.00
30000359,Synthetic account 002159,1.82,6.39
40000359,Synthetic account 002160,-1.82,-6.39
10000360,Synthetic account 002161,1.83,0.00
11000360,Synthetic account 002162,-1.83,0.00
12000360,Synthetic account 002163,1.84,6.40
20000360,Synthetic account 002164,-1.84,-6.40
30000360,Synthetic account 002165,1.85,0.00
40000360,Synthetic account 002166,-1.85,0.00
10000361,Synthetic account 002167,1.86,6.41
11000361,Synthetic account 002168,-1.86,-6.41
12000361,Synthetic account 002169,1.87,0.00
20000361,Synthetic account 002170,-1.87,0.00
30000361,Synthetic account 002171,1.88,6.42
40000361,Synthetic account 002172,-1.88,-6.42
10000362,Synthetic account 002173,1.89,0.00
11000362,Synthetic account 002174,-1.89,0.00
12000362,Synthetic account 002175,1.90,6.43
20000362,Synthetic account 002176,-1.90,-6.43
30000362,Synthetic account 002177,1.91,0.00
40000362,Synthetic account 002178,-1.91,0.00
10000363,Synthetic account 002179,1.92,6.44
11000363,Synthetic account 002180,-1.92,-6.44
12000363,Synthetic account 002181,1.93,0.00
20000363,Synthetic account 002182,-1.93,0.00
30000363,Synthetic account 002183,1.94,6.45
40000363,Synthetic account 002184,-1.94,-6.45
10000364,Synthetic account 002185,1.95,0.00
11000364,Synthetic account 002186,-1.95,0.00
12000364,Synthetic account 002187,1.96,6.46
20000364,Synthetic account 002188,-1.96,-6.46
30000364,Synthetic account 002189,1.97,0.00
40000364,Synthetic account 002190,-1.97,0.00
10000365,Synthetic account 002191,1.98,6.47
11000365,Synthetic account 002192,-1.98,-6.47
12000365,Synthetic account 002193,1.99,0.00
20000365,Synthetic account 002194,-1.99,0.00
30000365,Synthetic account 002195,2.00,6.48
40000365,Synthetic account 002196,-2.00,-6.48
10000366,Synthetic account 002197,2.01,0.00
11000366,Synthetic account 002198,-2.01,0.00
12000366,Synthetic account 002199,2.02,6.49
20000366,Synthetic account 002200,-2.02,-6.49
30000366,Synthetic account 002201,2.03,0.00
40000366,Synthetic account 002202,-2.03,0.00
10000367,Synthetic account 002203,2.04,6.50
11000367,Synthetic account 002204,-2.04,-6.50
12000367,Synthetic account 002205,2.05,0.00
20000367,Synthetic account 002206,-2.05,0.00
30000367,Synthetic account 002207,2.06,6.51
40000367,Synthetic account 002208,-2.06,-6.51
10000368,Synthetic account 002209,2.07,0.00
11000368,Synthetic account 002210,-2.07,0.00
12000368,Synthetic account 002211,2.08,6.52
20000368,Synthetic account 002212,-2.08,-6.52
30000368,Synthetic account 002213,2.09,0.00
40000368,Synthetic account 002214,-2.09,0.00
10000369,Synthetic account 002215,2.10,6.53
11000369,Synthetic account 002216,-2.10,-6.53
12000369,Synthetic account 002217,2.11,0.00
20000369,Synthetic account 002218,-2.11,0.00
30000369,Synthetic account 002219,2.12,6.54
40000369,Synthetic account 002220,-2.12,-6.54
10000370,Synthetic account 002221,2.13,0.00
11000370,Synthetic account 002222,-2.13,0.00
12000370,"Synthetic, quoted account 002223",2.14,6.55
20000370,Synthetic account 002224,-2.14,-6.55
30000370,Synthetic account 002225,2.15,0.00
40000370,Synthetic account 002226,-2.15,0.00
10000371,Synthetic account 002227,2.16,6.56
11000371,Synthetic account 002228,-2.16,-6.56
12000371,Synthetic account 002229,2.17,0.00
20000371,Synthetic account 002230,-2.17,0.00
30000371,Synthetic account 002231,2.18,6.57
40000371,Synthetic account 002232,-2.18,-6.57
10000372,Synthetic account 002233,2.19,0.00
11000372,Synthetic account 002234,-2.19,0.00
12000372,Synthetic account 002235,2.20,6.58
20000372,Synthetic account 002236,-2.20,-6.58
30000372,Synthetic account 002237,2.21,0.00
40000372,Synthetic account 002238,-2.21,0.00
10000373,Synthetic account 002239,2.22,6.59
11000373,Synthetic account 002240,-2.22,-6.59
12000373,Synthetic account 002241,2.23,0.00
20000373,Synthetic account 002242,-2.23,0.00
30000373,Synthetic account 002243,2.24,6.60
40000373,Synthetic account 002244,-2.24,-6.60
10000374,Synthetic account 002245,2.25,0.00
11000374,Synthetic account 002246,-2.25,0.00
12000374,Synthetic account 002247,2.26,6.61
20000374,Synthetic account 002248,-2.26,-6.61
30000374,Synthetic account 002249,2.27,0.00
40000374,Synthetic account 002250,-2.27,0.00
10000375,Synthetic account 002251,2.28,6.62
11000375,Synthetic account 002252,-2.28,-6.62
12000375,Synthetic account 002253,2.29,0.00
20000375,Synthetic account 002254,-2.29,0.00
30000375,Synthetic account 002255,2.30,6.63
40000375,Synthetic account 002256,-2.30,-6.63
10000376,Synthetic account 002257,2.31,0.00
11000376,Synthetic account 002258,-2.31,0.00
12000376,Synthetic account 002259,2.32,6.64
20000376,Synthetic account 002260,-2.32,-6.64
30000376,Synthetic account 002261,2.33,0.00
40000376,Synthetic account 002262,-2.33,0.00
10000377,Synthetic account 002263,2.34,6.65
11000377,Synthetic account 002264,-2.34,-6.65
12000377,Synthetic account 002265,2.35,0.00
20000377,Synthetic account 002266,-2.35,0.00
30000377,Synthetic account 002267,2.36,6.66
40000377,Synthetic account 002268,-2.36,-6.66
10000378,Synthetic account 002269,2.37,0.00
11000378,Synthetic account 002270,-2.37,0.00
12000378,Synthetic account 002271,2.38,6.67
20000378,Synthetic account 002272,-2.38,-6.67
30000378,Synthetic account 002273,2.39,0.00
40000378,Synthetic account 002274,-2.39,0.00
10000379,Synthetic account 002275,2.40,6.68
11000379,Synthetic account 002276,-2.40,-6.68
12000379,Synthetic account 002277,2.41,0.00
20000379,Synthetic account 002278,-2.41,0.00
30000379,Synthetic account 002279,2.42,6.69
40000379,Synthetic account 002280,-2.42,-6.69
10000380,Synthetic account 002281,2.43,0.00
11000380,Synthetic account 002282,-2.43,0.00
12000380,Synthetic account 002283,2.44,6.70
20000380,Synthetic account 002284,-2.44,-6.70
30000380,Synthetic account 002285,2.45,0.00
40000380,Synthetic account 002286,-2.45,0.00
10000381,Synthetic account 002287,2.46,6.71
11000381,Synthetic account 002288,-2.46,-6.71
12000381,Synthetic account 002289,2.47,0.00
20000381,Synthetic account 002290,-2.47,0.00
30000381,Synthetic account 002291,2.48,6.72
40000381,Synthetic account 002292,-2.48,-6.72
10000382,Synthetic account 002293,2.49,0.00
11000382,Synthetic account 002294,-2.49,0.00
12000382,Synthetic account 002295,2.50,6.73
20000382,Synthetic account 002296,-2.50,-6.73
30000382,Synthetic account 002297,2.51,0.00
40000382,Synthetic account 002298,-2.51,0.00
10000383,Synthetic account 002299,2.52,6.74
11000383,Synthetic account 002300,-2.52,-6.74
12000383,Synthetic account 002301,2.53,0.00
20000383,Synthetic account 002302,-2.53,0.00
30000383,Synthetic account 002303,2.54,6.75
40000383,Synthetic account 002304,-2.54,-6.75
10000384,Synthetic account 002305,2.55,0.00
11000384,Synthetic account 002306,-2.55,0.00
12000384,Synthetic account 002307,2.56,6.76
20000384,Synthetic account 002308,-2.56,-6.76
30000384,Synthetic account 002309,2.57,0.00
40000384,Synthetic account 002310,-2.57,0.00
10000385,Synthetic account 002311,2.58,6.77
11000385,Synthetic account 002312,-2.58,-6.77
12000385,Synthetic account 002313,2.59,0.00
20000385,Synthetic account 002314,-2.59,0.00
30000385,Synthetic account 002315,2.60,6.78
40000385,Synthetic account 002316,-2.60,-6.78
10000386,Synthetic account 002317,2.61,0.00
11000386,Synthetic account 002318,-2.61,0.00
12000386,Synthetic account 002319,2.62,6.79
20000386,Synthetic account 002320,-2.62,-6.79
30000386,Synthetic account 002321,2.63,0.00
40000386,"Synthetic ""review"" account 002322",-2.63,0.00
10000387,Synthetic account 002323,2.64,6.80
11000387,"Synthetic, quoted account 002324",-2.64,-6.80
12000387,Synthetic account 002325,2.65,0.00
20000387,Synthetic account 002326,-2.65,0.00
30000387,Synthetic account 002327,2.66,6.81
40000387,Synthetic account 002328,-2.66,-6.81
10000388,Synthetic account 002329,2.67,0.00
11000388,Synthetic account 002330,-2.67,0.00
12000388,Synthetic account 002331,2.68,6.82
20000388,Synthetic account 002332,-2.68,-6.82
30000388,Synthetic account 002333,2.69,0.00
40000388,Synthetic account 002334,-2.69,0.00
10000389,Synthetic account 002335,2.70,6.83
11000389,Synthetic account 002336,-2.70,-6.83
12000389,Synthetic account 002337,2.71,0.00
20000389,Synthetic account 002338,-2.71,0.00
30000389,Synthetic account 002339,2.72,6.84
40000389,Synthetic account 002340,-2.72,-6.84
10000390,Synthetic account 002341,2.73,0.00
11000390,Synthetic account 002342,-2.73,0.00
12000390,Synthetic account 002343,2.74,6.85
20000390,Synthetic account 002344,-2.74,-6.85
30000390,Synthetic account 002345,2.75,0.00
40000390,Synthetic account 002346,-2.75,0.00
10000391,Synthetic account 002347,2.76,6.86
11000391,Synthetic account 002348,-2.76,-6.86
12000391,Synthetic account 002349,2.77,0.00
20000391,Synthetic account 002350,-2.77,0.00
30000391,Synthetic account 002351,2.78,6.87
40000391,Synthetic account 002352,-2.78,-6.87
10000392,Synthetic account 002353,2.79,0.00
11000392,Synthetic account 002354,-2.79,0.00
12000392,Synthetic account 002355,2.80,6.88
20000392,Synthetic account 002356,-2.80,-6.88
30000392,Synthetic account 002357,2.81,0.00
40000392,Synthetic account 002358,-2.81,0.00
10000393,Synthetic account 002359,2.82,6.89
11000393,Synthetic account 002360,-2.82,-6.89
12000393,Synthetic account 002361,2.83,0.00
20000393,Synthetic account 002362,-2.83,0.00
30000393,Synthetic account 002363,2.84,6.90
40000393,Synthetic account 002364,-2.84,-6.90
10000394,Synthetic account 002365,2.85,0.00
11000394,Synthetic account 002366,-2.85,0.00
12000394,Synthetic account 002367,2.86,6.91
20000394,Synthetic account 002368,-2.86,-6.91
30000394,Synthetic account 002369,2.87,0.00
40000394,Synthetic account 002370,-2.87,0.00
10000395,Synthetic account 002371,2.88,6.92
11000395,Synthetic account 002372,-2.88,-6.92
12000395,Synthetic account 002373,2.89,0.00
20000395,Synthetic account 002374,-2.89,0.00
30000395,Synthetic account 002375,2.90,6.93
40000395,Synthetic account 002376,-2.90,-6.93
10000396,Synthetic account 002377,2.91,0.00
11000396,Synthetic account 002378,-2.91,0.00
12000396,Synthetic account 002379,2.92,6.94
20000396,Synthetic account 002380,-2.92,-6.94
30000396,Synthetic account 002381,2.93,0.00
40000396,Synthetic account 002382,-2.93,0.00
10000397,Synthetic account 002383,2.94,6.95
11000397,Synthetic account 002384,-2.94,-6.95
12000397,Synthetic account 002385,2.95,0.00
20000397,Synthetic account 002386,-2.95,0.00
30000397,Synthetic account 002387,2.96,6.96
40000397,Synthetic account 002388,-2.96,-6.96
10000398,Synthetic account 002389,2.97,0.00
11000398,Synthetic account 002390,-2.97,0.00
12000398,Synthetic account 002391,2.98,6.97
20000398,Synthetic account 002392,-2.98,-6.97
30000398,Synthetic account 002393,2.99,0.00
40000398,Synthetic account 002394,-2.99,0.00
10000399,Synthetic account 002395,3.00,6.98
11000399,Synthetic account 002396,-3.00,-6.98
12000399,Synthetic account 002397,3.01,0.00
20000399,Synthetic account 002398,-3.01,0.00
30000399,Synthetic account 002399,3.02,6.99
40000399,Synthetic account 002400,-3.02,-6.99
10000400,Synthetic account 002401,3.03,0.00
11000400,Synthetic account 002402,-3.03,0.00
12000400,Synthetic account 002403,3.04,7.00
20000400,Synthetic account 002404,-3.04,-7.00
30000400,Synthetic account 002405,3.05,0.00
40000400,Synthetic account 002406,-3.05,0.00
10000401,Synthetic account 002407,3.06,7.01
11000401,Synthetic account 002408,-3.06,-7.01
12000401,Synthetic account 002409,3.07,0.00
20000401,Synthetic account 002410,-3.07,0.00
30000401,Synthetic account 002411,3.08,7.02
40000401,Synthetic account 002412,-3.08,-7.02
10000402,Synthetic account 002413,3.09,0.00
11000402,Synthetic account 002414,-3.09,0.00
12000402,Synthetic account 002415,3.10,7.03
20000402,Synthetic account 002416,-3.10,-7.03
30000402,Synthetic account 002417,3.11,0.00
40000402,Synthetic account 002418,-3.11,0.00
10000403,Synthetic account 002419,3.12,7.04
11000403,Synthetic account 002420,-3.12,-7.04
12000403,Synthetic account 002421,3.13,0.00
20000403,Synthetic account 002422,-3.13,0.00
30000403,Synthetic account 002423,3.14,7.05
40000403,Synthetic account 002424,-3.14,-7.05
10000404,"Synthetic, quoted account 002425",3.15,0.00
11000404,Synthetic account 002426,-3.15,0.00
12000404,Synthetic account 002427,3.16,7.06
20000404,Synthetic account 002428,-3.16,-7.06
30000404,Synthetic account 002429,3.17,0.00
40000404,Synthetic account 002430,-3.17,0.00
10000405,Synthetic account 002431,3.18,7.07
11000405,Synthetic account 002432,-3.18,-7.07
12000405,Synthetic account 002433,3.19,0.00
20000405,Synthetic account 002434,-3.19,0.00
30000405,Synthetic account 002435,3.20,7.08
40000405,Synthetic account 002436,-3.20,-7.08
10000406,Synthetic account 002437,3.21,0.00
11000406,Synthetic account 002438,-3.21,0.00
12000406,Synthetic account 002439,3.22,7.09
20000406,Synthetic account 002440,-3.22,-7.09
30000406,Synthetic account 002441,3.23,0.00
40000406,Synthetic account 002442,-3.23,0.00
10000407,Synthetic account 002443,3.24,7.10
11000407,Synthetic account 002444,-3.24,-7.10
12000407,Synthetic account 002445,3.25,0.00
20000407,Synthetic account 002446,-3.25,0.00
30000407,Synthetic account 002447,3.26,7.11
40000407,Synthetic account 002448,-3.26,-7.11
10000408,Synthetic account 002449,3.27,0.00
11000408,Synthetic account 002450,-3.27,0.00
12000408,Synthetic account 002451,3.28,7.12
20000408,Synthetic account 002452,-3.28,-7.12
30000408,Synthetic account 002453,3.29,0.00
40000408,Synthetic account 002454,-3.29,0.00
10000409,Synthetic account 002455,3.30,7.13
11000409,Synthetic account 002456,-3.30,-7.13
12000409,Synthetic account 002457,3.31,0.00
20000409,Synthetic account 002458,-3.31,0.00
30000409,Synthetic account 002459,3.32,7.14
40000409,Synthetic account 002460,-3.32,-7.14
10000410,Synthetic account 002461,3.33,0.00
11000410,Synthetic account 002462,-3.33,0.00
12000410,Synthetic account 002463,3.34,7.15
20000410,Synthetic account 002464,-3.34,-7.15
30000410,Synthetic account 002465,3.35,0.00
40000410,Synthetic account 002466,-3.35,0.00
10000411,Synthetic account 002467,3.36,7.16
11000411,Synthetic account 002468,-3.36,-7.16
12000411,Synthetic account 002469,3.37,0.00
20000411,Synthetic account 002470,-3.37,0.00
30000411,Synthetic account 002471,3.38,7.17
40000411,Synthetic account 002472,-3.38,-7.17
10000412,Synthetic account 002473,3.39,0.00
11000412,Synthetic account 002474,-3.39,0.00
12000412,Synthetic account 002475,3.40,7.18
20000412,Synthetic account 002476,-3.40,-7.18
30000412,Synthetic account 002477,3.41,0.00
40000412,Synthetic account 002478,-3.41,0.00
10000413,Synthetic account 002479,3.42,7.19
11000413,Synthetic account 002480,-3.42,-7.19
12000413,Synthetic account 002481,3.43,0.00
20000413,Synthetic account 002482,-3.43,0.00
30000413,Synthetic account 002483,3.44,7.20
40000413,Synthetic account 002484,-3.44,-7.20
10000414,Synthetic account 002485,3.45,0.00
11000414,Synthetic account 002486,-3.45,0.00
12000414,Synthetic account 002487,3.46,7.21
20000414,Synthetic account 002488,-3.46,-7.21
30000414,Synthetic account 002489,3.47,0.00
40000414,Synthetic account 002490,-3.47,0.00
10000415,Synthetic account 002491,3.48,7.22
11000415,Synthetic account 002492,-3.48,-7.22
12000415,Synthetic account 002493,3.49,0.00
20000415,Synthetic account 002494,-3.49,0.00
30000415,Synthetic account 002495,3.50,7.23
40000415,Synthetic account 002496,-3.50,-7.23
10000416,Synthetic account 002497,3.51,0.00
11000416,Synthetic account 002498,-3.51,0.00
12000416,Synthetic account 002499,3.52,7.24
20000416,Synthetic account 002500,-3.52,-7.24
30000416,Synthetic account 002501,3.53,0.00
40000416,Synthetic account 002502,-3.53,0.00
10000417,Synthetic account 002503,3.54,7.25
11000417,Synthetic account 002504,-3.54,-7.25
12000417,Synthetic account 002505,3.55,0.00
20000417,Synthetic account 002506,-3.55,0.00
30000417,Synthetic account 002507,3.56,7.26
40000417,Synthetic account 002508,-3.56,-7.26
10000418,Synthetic account 002509,3.57,0.00
11000418,Synthetic account 002510,-3.57,0.00
12000418,Synthetic account 002511,3.58,7.27
20000418,Synthetic account 002512,-3.58,-7.27
30000418,Synthetic account 002513,3.59,0.00
40000418,Synthetic account 002514,-3.59,0.00
10000419,Synthetic account 002515,3.60,7.28
11000419,Synthetic account 002516,-3.60,-7.28
12000419,Synthetic account 002517,3.61,0.00
20000419,Synthetic account 002518,-3.61,0.00
30000419,Synthetic account 002519,3.62,7.29
40000419,Synthetic account 002520,-3.62,-7.29
10000420,Synthetic account 002521,3.63,0.00
11000420,Synthetic account 002522,-3.63,0.00
12000420,Synthetic account 002523,3.64,7.30
20000420,Synthetic account 002524,-3.64,-7.30
30000420,Synthetic account 002525,3.65,0.00
40000420,"Synthetic, quoted account 002526",-3.65,0.00
10000421,Synthetic account 002527,3.66,7.31
11000421,Synthetic account 002528,-3.66,-7.31
12000421,Synthetic account 002529,3.67,0.00
20000421,Synthetic account 002530,-3.67,0.00
30000421,Synthetic account 002531,3.68,7.32
40000421,Synthetic account 002532,-3.68,-7.32
10000422,"Synthetic ""review"" account 002533",3.69,0.00
11000422,Synthetic account 002534,-3.69,0.00
12000422,Synthetic account 002535,3.70,7.33
20000422,Synthetic account 002536,-3.70,-7.33
30000422,Synthetic account 002537,3.71,0.00
40000422,Synthetic account 002538,-3.71,0.00
10000423,Synthetic account 002539,3.72,7.34
11000423,Synthetic account 002540,-3.72,-7.34
12000423,Synthetic account 002541,3.73,0.00
20000423,Synthetic account 002542,-3.73,0.00
30000423,Synthetic account 002543,3.74,7.35
40000423,Synthetic account 002544,-3.74,-7.35
10000424,Synthetic account 002545,3.75,0.00
11000424,Synthetic account 002546,-3.75,0.00
12000424,Synthetic account 002547,3.76,7.36
20000424,Synthetic account 002548,-3.76,-7.36
30000424,Synthetic account 002549,3.77,0.00
40000424,Synthetic account 002550,-3.77,0.00
10000425,Synthetic account 002551,3.78,7.37
11000425,Synthetic account 002552,-3.78,-7.37
12000425,Synthetic account 002553,3.79,0.00
20000425,Synthetic account 002554,-3.79,0.00
30000425,Synthetic account 002555,3.80,7.38
40000425,Synthetic account 002556,-3.80,-7.38
10000426,Synthetic account 002557,3.81,0.00
11000426,Synthetic account 002558,-3.81,0.00
12000426,Synthetic account 002559,3.82,7.39
20000426,Synthetic account 002560,-3.82,-7.39
30000426,Synthetic account 002561,3.83,0.00
40000426,Synthetic account 002562,-3.83,0.00
10000427,Synthetic account 002563,3.84,7.40
11000427,Synthetic account 002564,-3.84,-7.40
12000427,Synthetic account 002565,3.85,0.00
20000427,Synthetic account 002566,-3.85,0.00
30000427,Synthetic account 002567,3.86,7.41
40000427,Synthetic account 002568,-3.86,-7.41
10000428,Synthetic account 002569,3.87,0.00
11000428,Synthetic account 002570,-3.87,0.00
12000428,Synthetic account 002571,3.88,7.42
20000428,Synthetic account 002572,-3.88,-7.42
30000428,Synthetic account 002573,3.89,0.00
40000428,Synthetic account 002574,-3.89,0.00
10000429,Synthetic account 002575,3.90,7.43
11000429,Synthetic account 002576,-3.90,-7.43
12000429,Synthetic account 002577,3.91,0.00
20000429,Synthetic account 002578,-3.91,0.00
30000429,Synthetic account 002579,3.92,7.44
40000429,Synthetic account 002580,-3.92,-7.44
10000430,Synthetic account 002581,3.93,0.00
11000430,Synthetic account 002582,-3.93,0.00
12000430,Synthetic account 002583,3.94,7.45
20000430,Synthetic account 002584,-3.94,-7.45
30000430,Synthetic account 002585,3.95,0.00
40000430,Synthetic account 002586,-3.95,0.00
10000431,Synthetic account 002587,3.96,7.46
11000431,Synthetic account 002588,-3.96,-7.46
12000431,Synthetic account 002589,3.97,0.00
20000431,Synthetic account 002590,-3.97,0.00
30000431,Synthetic account 002591,3.98,7.47
40000431,Synthetic account 002592,-3.98,-7.47
10000432,Synthetic account 002593,3.99,0.00
11000432,Synthetic account 002594,-3.99,0.00
12000432,Synthetic account 002595,4.00,7.48
20000432,Synthetic account 002596,-4.00,-7.48
30000432,Synthetic account 002597,4.01,0.00
40000432,Synthetic account 002598,-4.01,0.00
10000433,Synthetic account 002599,4.02,7.49
11000433,Synthetic account 002600,-4.02,-7.49
12000433,Synthetic account 002601,4.03,0.00
20000433,Synthetic account 002602,-4.03,0.00
30000433,Synthetic account 002603,4.04,7.50
40000433,Synthetic account 002604,-4.04,-7.50
10000434,Synthetic account 002605,4.05,0.00
11000434,Synthetic account 002606,-4.05,0.00
12000434,Synthetic account 002607,4.06,7.51
20000434,Synthetic account 002608,-4.06,-7.51
30000434,Synthetic account 002609,4.07,0.00
40000434,Synthetic account 002610,-4.07,0.00
10000435,Synthetic account 002611,4.08,7.52
11000435,Synthetic account 002612,-4.08,-7.52
12000435,Synthetic account 002613,4.09,0.00
20000435,Synthetic account 002614,-4.09,0.00
30000435,Synthetic account 002615,4.10,7.53
40000435,Synthetic account 002616,-4.10,-7.53
10000436,Synthetic account 002617,4.11,0.00
11000436,Synthetic account 002618,-4.11,0.00
12000436,Synthetic account 002619,4.12,7.54
20000436,Synthetic account 002620,-4.12,-7.54
30000436,Synthetic account 002621,4.13,0.00
40000436,Synthetic account 002622,-4.13,0.00
10000437,Synthetic account 002623,4.14,7.55
11000437,Synthetic account 002624,-4.14,-7.55
12000437,Synthetic account 002625,4.15,0.00
20000437,Synthetic account 002626,-4.15,0.00
30000437,"Synthetic, quoted account 002627",4.16,7.56
40000437,Synthetic account 002628,-4.16,-7.56
10000438,Synthetic account 002629,4.17,0.00
11000438,Synthetic account 002630,-4.17,0.00
12000438,Synthetic account 002631,4.18,7.57
20000438,Synthetic account 002632,-4.18,-7.57
30000438,Synthetic account 002633,4.19,0.00
40000438,Synthetic account 002634,-4.19,0.00
10000439,Synthetic account 002635,4.20,7.58
11000439,Synthetic account 002636,-4.20,-7.58
12000439,Synthetic account 002637,4.21,0.00
20000439,Synthetic account 002638,-4.21,0.00
30000439,Synthetic account 002639,4.22,7.59
40000439,Synthetic account 002640,-4.22,-7.59
10000440,Synthetic account 002641,4.23,0.00
11000440,Synthetic account 002642,-4.23,0.00
12000440,Synthetic account 002643,4.24,7.60
20000440,Synthetic account 002644,-4.24,-7.60
30000440,Synthetic account 002645,4.25,0.00
40000440,Synthetic account 002646,-4.25,0.00
10000441,Synthetic account 002647,4.26,7.61
11000441,Synthetic account 002648,-4.26,-7.61
12000441,Synthetic account 002649,4.27,0.00
20000441,Synthetic account 002650,-4.27,0.00
30000441,Synthetic account 002651,4.28,7.62
40000441,Synthetic account 002652,-4.28,-7.62
10000442,Synthetic account 002653,4.29,0.00
11000442,Synthetic account 002654,-4.29,0.00
12000442,Synthetic account 002655,4.30,7.63
20000442,Synthetic account 002656,-4.30,-7.63
30000442,Synthetic account 002657,4.31,0.00
40000442,Synthetic account 002658,-4.31,0.00
10000443,Synthetic account 002659,4.32,7.64
11000443,Synthetic account 002660,-4.32,-7.64
12000443,Synthetic account 002661,4.33,0.00
20000443,Synthetic account 002662,-4.33,0.00
30000443,Synthetic account 002663,4.34,7.65
40000443,Synthetic account 002664,-4.34,-7.65
10000444,Synthetic account 002665,4.35,0.00
11000444,Synthetic account 002666,-4.35,0.00
12000444,Synthetic account 002667,4.36,7.66
20000444,Synthetic account 002668,-4.36,-7.66
30000444,Synthetic account 002669,4.37,0.00
40000444,Synthetic account 002670,-4.37,0.00
10000445,Synthetic account 002671,4.38,7.67
11000445,Synthetic account 002672,-4.38,-7.67
12000445,Synthetic account 002673,4.39,0.00
20000445,Synthetic account 002674,-4.39,0.00
30000445,Synthetic account 002675,4.40,7.68
40000445,Synthetic account 002676,-4.40,-7.68
10000446,Synthetic account 002677,4.41,0.00
11000446,Synthetic account 002678,-4.41,0.00
12000446,Synthetic account 002679,4.42,7.69
20000446,Synthetic account 002680,-4.42,-7.69
30000446,Synthetic account 002681,4.43,0.00
40000446,Synthetic account 002682,-4.43,0.00
10000447,Synthetic account 002683,4.44,7.70
11000447,Synthetic account 002684,-4.44,-7.70
12000447,Synthetic account 002685,4.45,0.00
20000447,Synthetic account 002686,-4.45,0.00
30000447,Synthetic account 002687,4.46,7.71
40000447,Synthetic account 002688,-4.46,-7.71
10000448,Synthetic account 002689,4.47,0.00
11000448,Synthetic account 002690,-4.47,0.00
12000448,Synthetic account 002691,4.48,7.72
20000448,Synthetic account 002692,-4.48,-7.72
30000448,Synthetic account 002693,4.49,0.00
40000448,Synthetic account 002694,-4.49,0.00
10000449,Synthetic account 002695,4.50,7.73
11000449,Synthetic account 002696,-4.50,-7.73
12000449,Synthetic account 002697,4.51,0.00
20000449,Synthetic account 002698,-4.51,0.00
30000449,Synthetic account 002699,4.52,7.74
40000449,Synthetic account 002700,-4.52,-7.74
10000450,Synthetic account 002701,4.53,0.00
11000450,Synthetic account 002702,-4.53,0.00
12000450,Synthetic account 002703,4.54,7.75
20000450,Synthetic account 002704,-4.54,-7.75
30000450,Synthetic account 002705,4.55,0.00
40000450,Synthetic account 002706,-4.55,0.00
10000451,Synthetic account 002707,4.56,7.76
11000451,Synthetic account 002708,-4.56,-7.76
12000451,Synthetic account 002709,4.57,0.00
20000451,Synthetic account 002710,-4.57,0.00
30000451,Synthetic account 002711,4.58,7.77
40000451,Synthetic account 002712,-4.58,-7.77
10000452,Synthetic account 002713,4.59,0.00
11000452,Synthetic account 002714,-4.59,0.00
12000452,Synthetic account 002715,4.60,7.78
20000452,Synthetic account 002716,-4.60,-7.78
30000452,Synthetic account 002717,4.61,0.00
40000452,Synthetic account 002718,-4.61,0.00
10000453,Synthetic account 002719,4.62,7.79
11000453,Synthetic account 002720,-4.62,-7.79
12000453,Synthetic account 002721,4.63,0.00
20000453,Synthetic account 002722,-4.63,0.00
30000453,Synthetic account 002723,4.64,7.80
40000453,Synthetic account 002724,-4.64,-7.80
10000454,Synthetic account 002725,4.65,0.00
11000454,Synthetic account 002726,-4.65,0.00
12000454,Synthetic account 002727,4.66,7.81
20000454,"Synthetic, quoted account 002728",-4.66,-7.81
30000454,Synthetic account 002729,4.67,0.00
40000454,Synthetic account 002730,-4.67,0.00
10000455,Synthetic account 002731,4.68,7.82
11000455,Synthetic account 002732,-4.68,-7.82
12000455,Synthetic account 002733,4.69,0.00
20000455,Synthetic account 002734,-4.69,0.00
30000455,Synthetic account 002735,4.70,7.83
40000455,Synthetic account 002736,-4.70,-7.83
10000456,Synthetic account 002737,4.71,0.00
11000456,Synthetic account 002738,-4.71,0.00
12000456,Synthetic account 002739,4.72,7.84
20000456,Synthetic account 002740,-4.72,-7.84
30000456,Synthetic account 002741,4.73,0.00
40000456,Synthetic account 002742,-4.73,0.00
10000457,Synthetic account 002743,4.74,7.85
11000457,"Synthetic ""review"" account 002744",-4.74,-7.85
12000457,Synthetic account 002745,4.75,0.00
20000457,Synthetic account 002746,-4.75,0.00
30000457,Synthetic account 002747,4.76,7.86
40000457,Synthetic account 002748,-4.76,-7.86
10000458,Synthetic account 002749,4.77,0.00
11000458,Synthetic account 002750,-4.77,0.00
12000458,Synthetic account 002751,4.78,7.87
20000458,Synthetic account 002752,-4.78,-7.87
30000458,Synthetic account 002753,4.79,0.00
40000458,Synthetic account 002754,-4.79,0.00
10000459,Synthetic account 002755,4.80,7.88
11000459,Synthetic account 002756,-4.80,-7.88
12000459,Synthetic account 002757,4.81,0.00
20000459,Synthetic account 002758,-4.81,0.00
30000459,Synthetic account 002759,4.82,7.89
40000459,Synthetic account 002760,-4.82,-7.89
10000460,Synthetic account 002761,4.83,0.00
11000460,Synthetic account 002762,-4.83,0.00
12000460,Synthetic account 002763,4.84,7.90
20000460,Synthetic account 002764,-4.84,-7.90
30000460,Synthetic account 002765,4.85,0.00
40000460,Synthetic account 002766,-4.85,0.00
10000461,Synthetic account 002767,4.86,7.91
11000461,Synthetic account 002768,-4.86,-7.91
12000461,Synthetic account 002769,4.87,0.00
20000461,Synthetic account 002770,-4.87,0.00
30000461,Synthetic account 002771,4.88,7.92
40000461,Synthetic account 002772,-4.88,-7.92
10000462,Synthetic account 002773,4.89,0.00
11000462,Synthetic account 002774,-4.89,0.00
12000462,Synthetic account 002775,4.90,7.93
20000462,Synthetic account 002776,-4.90,-7.93
30000462,Synthetic account 002777,4.91,0.00
40000462,Synthetic account 002778,-4.91,0.00
10000463,Synthetic account 002779,4.92,7.94
11000463,Synthetic account 002780,-4.92,-7.94
12000463,Synthetic account 002781,4.93,0.00
20000463,Synthetic account 002782,-4.93,0.00
30000463,Synthetic account 002783,4.94,7.95
40000463,Synthetic account 002784,-4.94,-7.95
10000464,Synthetic account 002785,4.95,0.00
11000464,Synthetic account 002786,-4.95,0.00
12000464,Synthetic account 002787,4.96,7.96
20000464,Synthetic account 002788,-4.96,-7.96
30000464,Synthetic account 002789,4.97,0.00
40000464,Synthetic account 002790,-4.97,0.00
10000465,Synthetic account 002791,4.98,7.97
11000465,Synthetic account 002792,-4.98,-7.97
12000465,Synthetic account 002793,4.99,0.00
20000465,Synthetic account 002794,-4.99,0.00
30000465,Synthetic account 002795,5.00,7.98
40000465,Synthetic account 002796,-5.00,-7.98
10000466,Synthetic account 002797,5.01,0.00
11000466,Synthetic account 002798,-5.01,0.00
12000466,Synthetic account 002799,5.02,7.99
20000466,Synthetic account 002800,-5.02,-7.99
30000466,Synthetic account 002801,5.03,0.00
40000466,Synthetic account 002802,-5.03,0.00
10000467,Synthetic account 002803,5.04,8.00
11000467,Synthetic account 002804,-5.04,-8.00
12000467,Synthetic account 002805,5.05,0.00
20000467,Synthetic account 002806,-5.05,0.00
30000467,Synthetic account 002807,5.06,8.01
40000467,Synthetic account 002808,-5.06,-8.01
10000468,Synthetic account 002809,5.07,0.00
11000468,Synthetic account 002810,-5.07,0.00
12000468,Synthetic account 002811,5.08,8.02
20000468,Synthetic account 002812,-5.08,-8.02
30000468,Synthetic account 002813,5.09,0.00
40000468,Synthetic account 002814,-5.09,0.00
10000469,Synthetic account 002815,5.10,8.03
11000469,Synthetic account 002816,-5.10,-8.03
12000469,Synthetic account 002817,5.11,0.00
20000469,Synthetic account 002818,-5.11,0.00
30000469,Synthetic account 002819,5.12,8.04
40000469,Synthetic account 002820,-5.12,-8.04
10000470,Synthetic account 002821,5.13,0.00
11000470,Synthetic account 002822,-5.13,0.00
12000470,Synthetic account 002823,5.14,8.05
20000470,Synthetic account 002824,-5.14,-8.05
30000470,Synthetic account 002825,5.15,0.00
40000470,Synthetic account 002826,-5.15,0.00
10000471,Synthetic account 002827,5.16,8.06
11000471,Synthetic account 002828,-5.16,-8.06
12000471,"Synthetic, quoted account 002829",5.17,0.00
20000471,Synthetic account 002830,-5.17,0.00
30000471,Synthetic account 002831,5.18,8.07
40000471,Synthetic account 002832,-5.18,-8.07
10000472,Synthetic account 002833,5.19,0.00
11000472,Synthetic account 002834,-5.19,0.00
12000472,Synthetic account 002835,5.20,8.08
20000472,Synthetic account 002836,-5.20,-8.08
30000472,Synthetic account 002837,5.21,0.00
40000472,Synthetic account 002838,-5.21,0.00
10000473,Synthetic account 002839,5.22,8.09
11000473,Synthetic account 002840,-5.22,-8.09
12000473,Synthetic account 002841,5.23,0.00
20000473,Synthetic account 002842,-5.23,0.00
30000473,Synthetic account 002843,5.24,8.10
40000473,Synthetic account 002844,-5.24,-8.10
10000474,Synthetic account 002845,5.25,0.00
11000474,Synthetic account 002846,-5.25,0.00
12000474,Synthetic account 002847,5.26,8.11
20000474,Synthetic account 002848,-5.26,-8.11
30000474,Synthetic account 002849,5.27,0.00
40000474,Synthetic account 002850,-5.27,0.00
10000475,Synthetic account 002851,5.28,8.12
11000475,Synthetic account 002852,-5.28,-8.12
12000475,Synthetic account 002853,5.29,0.00
20000475,Synthetic account 002854,-5.29,0.00
30000475,Synthetic account 002855,5.30,8.13
40000475,Synthetic account 002856,-5.30,-8.13
10000476,Synthetic account 002857,5.31,0.00
11000476,Synthetic account 002858,-5.31,0.00
12000476,Synthetic account 002859,5.32,8.14
20000476,Synthetic account 002860,-5.32,-8.14
30000476,Synthetic account 002861,5.33,0.00
40000476,Synthetic account 002862,-5.33,0.00
10000477,Synthetic account 002863,5.34,8.15
11000477,Synthetic account 002864,-5.34,-8.15
12000477,Synthetic account 002865,5.35,0.00
20000477,Synthetic account 002866,-5.35,0.00
30000477,Synthetic account 002867,5.36,8.16
40000477,Synthetic account 002868,-5.36,-8.16
10000478,Synthetic account 002869,5.37,0.00
11000478,Synthetic account 002870,-5.37,0.00
12000478,Synthetic account 002871,5.38,8.17
20000478,Synthetic account 002872,-5.38,-8.17
30000478,Synthetic account 002873,5.39,0.00
40000478,Synthetic account 002874,-5.39,0.00
10000479,Synthetic account 002875,5.40,8.18
11000479,Synthetic account 002876,-5.40,-8.18
12000479,Synthetic account 002877,5.41,0.00
20000479,Synthetic account 002878,-5.41,0.00
30000479,Synthetic account 002879,5.42,8.19
40000479,Synthetic account 002880,-5.42,-8.19
10000480,Synthetic account 002881,5.43,0.00
11000480,Synthetic account 002882,-5.43,0.00
12000480,Synthetic account 002883,5.44,8.20
20000480,Synthetic account 002884,-5.44,-8.20
30000480,Synthetic account 002885,5.45,0.00
40000480,Synthetic account 002886,-5.45,0.00
10000481,Synthetic account 002887,5.46,8.21
11000481,Synthetic account 002888,-5.46,-8.21
12000481,Synthetic account 002889,5.47,0.00
20000481,Synthetic account 002890,-5.47,0.00
30000481,Synthetic account 002891,5.48,8.22
40000481,Synthetic account 002892,-5.48,-8.22
10000482,Synthetic account 002893,5.49,0.00
11000482,Synthetic account 002894,-5.49,0.00
12000482,Synthetic account 002895,5.50,8.23
20000482,Synthetic account 002896,-5.50,-8.23
30000482,Synthetic account 002897,5.51,0.00
40000482,Synthetic account 002898,-5.51,0.00
10000483,Synthetic account 002899,5.52,8.24
11000483,Synthetic account 002900,-5.52,-8.24
12000483,Synthetic account 002901,5.53,0.00
20000483,Synthetic account 002902,-5.53,0.00
30000483,Synthetic account 002903,5.54,8.25
40000483,Synthetic account 002904,-5.54,-8.25
10000484,Synthetic account 002905,5.55,0.00
11000484,Synthetic account 002906,-5.55,0.00
12000484,Synthetic account 002907,5.56,8.26
20000484,Synthetic account 002908,-5.56,-8.26
30000484,Synthetic account 002909,5.57,0.00
40000484,Synthetic account 002910,-5.57,0.00
10000485,Synthetic account 002911,5.58,8.27
11000485,Synthetic account 002912,-5.58,-8.27
12000485,Synthetic account 002913,5.59,0.00
20000485,Synthetic account 002914,-5.59,0.00
30000485,Synthetic account 002915,5.60,8.28
40000485,Synthetic account 002916,-5.60,-8.28
10000486,Synthetic account 002917,5.61,0.00
11000486,Synthetic account 002918,-5.61,0.00
12000486,Synthetic account 002919,5.62,8.29
20000486,Synthetic account 002920,-5.62,-8.29
30000486,Synthetic account 002921,5.63,0.00
40000486,Synthetic account 002922,-5.63,0.00
10000487,Synthetic account 002923,5.64,8.30
11000487,Synthetic account 002924,-5.64,-8.30
12000487,Synthetic account 002925,5.65,0.00
20000487,Synthetic account 002926,-5.65,0.00
30000487,Synthetic account 002927,5.66,8.31
40000487,Synthetic account 002928,-5.66,-8.31
10000488,Synthetic account 002929,5.67,0.00
11000488,"Synthetic, quoted account 002930",-5.67,0.00
12000488,Synthetic account 002931,5.68,8.32
20000488,Synthetic account 002932,-5.68,-8.32
30000488,Synthetic account 002933,5.69,0.00
40000488,Synthetic account 002934,-5.69,0.00
10000489,Synthetic account 002935,5.70,8.33
11000489,Synthetic account 002936,-5.70,-8.33
12000489,Synthetic account 002937,5.71,0.00
20000489,Synthetic account 002938,-5.71,0.00
30000489,Synthetic account 002939,5.72,8.34
40000489,Synthetic account 002940,-5.72,-8.34
10000490,Synthetic account 002941,5.73,0.00
11000490,Synthetic account 002942,-5.73,0.00
12000490,Synthetic account 002943,5.74,8.35
20000490,Synthetic account 002944,-5.74,-8.35
30000490,Synthetic account 002945,5.75,0.00
40000490,Synthetic account 002946,-5.75,0.00
10000491,Synthetic account 002947,5.76,8.36
11000491,Synthetic account 002948,-5.76,-8.36
12000491,Synthetic account 002949,5.77,0.00
20000491,Synthetic account 002950,-5.77,0.00
30000491,Synthetic account 002951,5.78,8.37
40000491,Synthetic account 002952,-5.78,-8.37
10000492,Synthetic account 002953,5.79,0.00
11000492,Synthetic account 002954,-5.79,0.00
12000492,"Synthetic ""review"" account 002955",5.80,8.38
20000492,Synthetic account 002956,-5.80,-8.38
30000492,Synthetic account 002957,5.81,0.00
40000492,Synthetic account 002958,-5.81,0.00
10000493,Synthetic account 002959,5.82,8.39
11000493,Synthetic account 002960,-5.82,-8.39
12000493,Synthetic account 002961,5.83,0.00
20000493,Synthetic account 002962,-5.83,0.00
30000493,Synthetic account 002963,5.84,8.40
40000493,Synthetic account 002964,-5.84,-8.40
10000494,Synthetic account 002965,5.85,0.00
11000494,Synthetic account 002966,-5.85,0.00
12000494,Synthetic account 002967,5.86,8.41
20000494,Synthetic account 002968,-5.86,-8.41
30000494,Synthetic account 002969,5.87,0.00
40000494,Synthetic account 002970,-5.87,0.00
10000495,Synthetic account 002971,5.88,8.42
11000495,Synthetic account 002972,-5.88,-8.42
12000495,Synthetic account 002973,5.89,0.00
20000495,Synthetic account 002974,-5.89,0.00
30000495,Synthetic account 002975,5.90,8.43
40000495,Synthetic account 002976,-5.90,-8.43
10000496,Synthetic account 002977,5.91,0.00
11000496,Synthetic account 002978,-5.91,0.00
12000496,Synthetic account 002979,5.92,8.44
20000496,Synthetic account 002980,-5.92,-8.44
30000496,Synthetic account 002981,5.93,0.00
40000496,Synthetic account 002982,-5.93,0.00
10000497,Synthetic account 002983,5.94,8.45
11000497,Synthetic account 002984,-5.94,-8.45
12000497,Synthetic account 002985,5.95,0.00
20000497,Synthetic account 002986,-5.95,0.00
30000497,Synthetic account 002987,5.96,8.46
40000497,Synthetic account 002988,-5.96,-8.46
10000498,Synthetic account 002989,5.97,0.00
11000498,Synthetic account 002990,-5.97,0.00
12000498,Synthetic account 002991,5.98,8.47
20000498,Synthetic account 002992,-5.98,-8.47
30000498,Synthetic account 002993,5.99,0.00
40000498,Synthetic account 002994,-5.99,0.00
10000499,Synthetic account 002995,6.00,8.48
11000499,Synthetic account 002996,-6.00,-8.48
12000499,Synthetic account 002997,6.01,0.00
20000499,Synthetic account 002998,-6.01,0.00
30000499,Synthetic account 002999,6.02,8.49
40000499,Synthetic account 003000,-6.02,-8.49
10000500,Synthetic account 003001,6.03,0.00
11000500,Synthetic account 003002,-6.03,0.00
12000500,Synthetic account 003003,6.04,8.50
20000500,Synthetic account 003004,-6.04,-8.50
30000500,Synthetic account 003005,6.05,0.00
40000500,Synthetic account 003006,-6.05,0.00
10000501,Synthetic account 003007,6.06,8.51
11000501,Synthetic account 003008,-6.06,-8.51
12000501,Synthetic account 003009,6.07,0.00
20000501,Synthetic account 003010,-6.07,0.00
30000501,Synthetic account 003011,6.08,8.52
40000501,Synthetic account 003012,-6.08,-8.52
10000502,Synthetic account 003013,6.09,0.00
11000502,Synthetic account 003014,-6.09,0.00
12000502,Synthetic account 003015,6.10,8.53
20000502,Synthetic account 003016,-6.10,-8.53
30000502,Synthetic account 003017,6.11,0.00
40000502,Synthetic account 003018,-6.11,0.00
10000503,Synthetic account 003019,6.12,8.54
11000503,Synthetic account 003020,-6.12,-8.54
12000503,Synthetic account 003021,6.13,0.00
20000503,Synthetic account 003022,-6.13,0.00
30000503,Synthetic account 003023,6.14,8.55
40000503,Synthetic account 003024,-6.14,-8.55
10000504,Synthetic account 003025,6.15,0.00
11000504,Synthetic account 003026,-6.15,0.00
12000504,Synthetic account 003027,6.16,8.56
20000504,Synthetic account 003028,-6.16,-8.56
30000504,Synthetic account 003029,6.17,0.00
40000504,Synthetic account 003030,-6.17,0.00
10000505,"Synthetic, quoted account 003031",6.18,8.57
11000505,Synthetic account 003032,-6.18,-8.57
12000505,Synthetic account 003033,6.19,0.00
20000505,Synthetic account 003034,-6.19,0.00
30000505,Synthetic account 003035,6.20,8.58
40000505,Synthetic account 003036,-6.20,-8.58
10000506,Synthetic account 003037,6.21,0.00
11000506,Synthetic account 003038,-6.21,0.00
12000506,Synthetic account 003039,6.22,8.59
20000506,Synthetic account 003040,-6.22,-8.59
30000506,Synthetic account 003041,6.23,0.00
40000506,Synthetic account 003042,-6.23,0.00
10000507,Synthetic account 003043,6.24,8.60
11000507,Synthetic account 003044,-6.24,-8.60
12000507,Synthetic account 003045,6.25,0.00
20000507,Synthetic account 003046,-6.25,0.00
30000507,Synthetic account 003047,6.26,8.61
40000507,Synthetic account 003048,-6.26,-8.61
10000508,Synthetic account 003049,6.27,0.00
11000508,Synthetic account 003050,-6.27,0.00
12000508,Synthetic account 003051,6.28,8.62
20000508,Synthetic account 003052,-6.28,-8.62
30000508,Synthetic account 003053,6.29,0.00
40000508,Synthetic account 003054,-6.29,0.00
10000509,Synthetic account 003055,6.30,8.63
11000509,Synthetic account 003056,-6.30,-8.63
12000509,Synthetic account 003057,6.31,0.00
20000509,Synthetic account 003058,-6.31,0.00
30000509,Synthetic account 003059,6.32,8.64
40000509,Synthetic account 003060,-6.32,-8.64
10000510,Synthetic account 003061,6.33,0.00
11000510,Synthetic account 003062,-6.33,0.00
12000510,Synthetic account 003063,6.34,8.65
20000510,Synthetic account 003064,-6.34,-8.65
30000510,Synthetic account 003065,6.35,0.00
40000510,Synthetic account 003066,-6.35,0.00
10000511,Synthetic account 003067,6.36,8.66
11000511,Synthetic account 003068,-6.36,-8.66
12000511,Synthetic account 003069,6.37,0.00
20000511,Synthetic account 003070,-6.37,0.00
30000511,Synthetic account 003071,6.38,8.67
40000511,Synthetic account 003072,-6.38,-8.67
10000512,Synthetic account 003073,6.39,0.00
11000512,Synthetic account 003074,-6.39,0.00
12000512,Synthetic account 003075,6.40,8.68
20000512,Synthetic account 003076,-6.40,-8.68
30000512,Synthetic account 003077,6.41,0.00
40000512,Synthetic account 003078,-6.41,0.00
10000513,Synthetic account 003079,6.42,8.69
11000513,Synthetic account 003080,-6.42,-8.69
12000513,Synthetic account 003081,6.43,0.00
20000513,Synthetic account 003082,-6.43,0.00
30000513,Synthetic account 003083,6.44,8.70
40000513,Synthetic account 003084,-6.44,-8.70
10000514,Synthetic account 003085,6.45,0.00
11000514,Synthetic account 003086,-6.45,0.00
12000514,Synthetic account 003087,6.46,8.71
20000514,Synthetic account 003088,-6.46,-8.71
30000514,Synthetic account 003089,6.47,0.00
40000514,Synthetic account 003090,-6.47,0.00
10000515,Synthetic account 003091,6.48,8.72
11000515,Synthetic account 003092,-6.48,-8.72
12000515,Synthetic account 003093,6.49,0.00
20000515,Synthetic account 003094,-6.49,0.00
30000515,Synthetic account 003095,6.50,8.73
40000515,Synthetic account 003096,-6.50,-8.73
10000516,Synthetic account 003097,6.51,0.00
11000516,Synthetic account 003098,-6.51,0.00
12000516,Synthetic account 003099,6.52,8.74
20000516,Synthetic account 003100,-6.52,-8.74
30000516,Synthetic account 003101,6.53,0.00
40000516,Synthetic account 003102,-6.53,0.00
10000517,Synthetic account 003103,6.54,8.75
11000517,Synthetic account 003104,-6.54,-8.75
12000517,Synthetic account 003105,6.55,0.00
20000517,Synthetic account 003106,-6.55,0.00
30000517,Synthetic account 003107,6.56,8.76
40000517,Synthetic account 003108,-6.56,-8.76
10000518,Synthetic account 003109,6.57,0.00
11000518,Synthetic account 003110,-6.57,0.00
12000518,Synthetic account 003111,6.58,8.77
20000518,Synthetic account 003112,-6.58,-8.77
30000518,Synthetic account 003113,6.59,0.00
40000518,Synthetic account 003114,-6.59,0.00
10000519,Synthetic account 003115,6.60,8.78
11000519,Synthetic account 003116,-6.60,-8.78
12000519,Synthetic account 003117,6.61,0.00
20000519,Synthetic account 003118,-6.61,0.00
30000519,Synthetic account 003119,6.62,8.79
40000519,Synthetic account 003120,-6.62,-8.79
10000520,Synthetic account 003121,6.63,0.00
11000520,Synthetic account 003122,-6.63,0.00
12000520,Synthetic account 003123,6.64,8.80
20000520,Synthetic account 003124,-6.64,-8.80
30000520,Synthetic account 003125,6.65,0.00
40000520,Synthetic account 003126,-6.65,0.00
10000521,Synthetic account 003127,6.66,8.81
11000521,Synthetic account 003128,-6.66,-8.81
12000521,Synthetic account 003129,6.67,0.00
20000521,Synthetic account 003130,-6.67,0.00
30000521,Synthetic account 003131,6.68,8.82
40000521,"Synthetic, quoted account 003132",-6.68,-8.82
10000522,Synthetic account 003133,6.69,0.00
11000522,Synthetic account 003134,-6.69,0.00
12000522,Synthetic account 003135,6.70,8.83
20000522,Synthetic account 003136,-6.70,-8.83
30000522,Synthetic account 003137,6.71,0.00
40000522,Synthetic account 003138,-6.71,0.00
10000523,Synthetic account 003139,6.72,8.84
11000523,Synthetic account 003140,-6.72,-8.84
12000523,Synthetic account 003141,6.73,0.00
20000523,Synthetic account 003142,-6.73,0.00
30000523,Synthetic account 003143,6.74,8.85
40000523,Synthetic account 003144,-6.74,-8.85
10000524,Synthetic account 003145,6.75,0.00
11000524,Synthetic account 003146,-6.75,0.00
12000524,Synthetic account 003147,6.76,8.86
20000524,Synthetic account 003148,-6.76,-8.86
30000524,Synthetic account 003149,6.77,0.00
40000524,Synthetic account 003150,-6.77,0.00
10000525,Synthetic account 003151,6.78,8.87
11000525,Synthetic account 003152,-6.78,-8.87
12000525,Synthetic account 003153,6.79,0.00
20000525,Synthetic account 003154,-6.79,0.00
30000525,Synthetic account 003155,6.80,8.88
40000525,Synthetic account 003156,-6.80,-8.88
10000526,Synthetic account 003157,6.81,0.00
11000526,Synthetic account 003158,-6.81,0.00
12000526,Synthetic account 003159,6.82,8.89
20000526,Synthetic account 003160,-6.82,-8.89
30000526,Synthetic account 003161,6.83,0.00
40000526,Synthetic account 003162,-6.83,0.00
10000527,Synthetic account 003163,6.84,8.90
11000527,Synthetic account 003164,-6.84,-8.90
12000527,Synthetic account 003165,6.85,0.00
20000527,"Synthetic ""review"" account 003166",-6.85,0.00
30000527,Synthetic account 003167,6.86,8.91
40000527,Synthetic account 003168,-6.86,-8.91
10000528,Synthetic account 003169,6.87,0.00
11000528,Synthetic account 003170,-6.87,0.00
12000528,Synthetic account 003171,6.88,8.92
20000528,Synthetic account 003172,-6.88,-8.92
30000528,Synthetic account 003173,6.89,0.00
40000528,Synthetic account 003174,-6.89,0.00
10000529,Synthetic account 003175,6.90,8.93
11000529,Synthetic account 003176,-6.90,-8.93
12000529,Synthetic account 003177,6.91,0.00
20000529,Synthetic account 003178,-6.91,0.00
30000529,Synthetic account 003179,6.92,8.94
40000529,Synthetic account 003180,-6.92,-8.94
10000530,Synthetic account 003181,6.93,0.00
11000530,Synthetic account 003182,-6.93,0.00
12000530,Synthetic account 003183,6.94,8.95
20000530,Synthetic account 003184,-6.94,-8.95
30000530,Synthetic account 003185,6.95,0.00
40000530,Synthetic account 003186,-6.95,0.00
10000531,Synthetic account 003187,6.96,8.96
11000531,Synthetic account 003188,-6.96,-8.96
12000531,Synthetic account 003189,6.97,0.00
20000531,Synthetic account 003190,-6.97,0.00
30000531,Synthetic account 003191,6.98,8.97
40000531,Synthetic account 003192,-6.98,-8.97
10000532,Synthetic account 003193,6.99,0.00
11000532,Synthetic account 003194,-6.99,0.00
12000532,Synthetic account 003195,7.00,8.98
20000532,Synthetic account 003196,-7.00,-8.98
30000532,Synthetic account 003197,7.01,0.00
40000532,Synthetic account 003198,-7.01,0.00
10000533,Synthetic account 003199,7.02,8.99
11000533,Synthetic account 003200,-7.02,-8.99
12000533,Synthetic account 003201,7.03,0.00
20000533,Synthetic account 003202,-7.03,0.00
30000533,Synthetic account 003203,7.04,9.00
40000533,Synthetic account 003204,-7.04,-9.00
10000534,Synthetic account 003205,7.05,0.00
11000534,Synthetic account 003206,-7.05,0.00
12000534,Synthetic account 003207,7.06,9.01
20000534,Synthetic account 003208,-7.06,-9.01
30000534,Synthetic account 003209,7.07,0.00
40000534,Synthetic account 003210,-7.07,0.00
10000535,Synthetic account 003211,7.08,9.02
11000535,Synthetic account 003212,-7.08,-9.02
12000535,Synthetic account 003213,7.09,0.00
20000535,Synthetic account 003214,-7.09,0.00
30000535,Synthetic account 003215,7.10,9.03
40000535,Synthetic account 003216,-7.10,-9.03
10000536,Synthetic account 003217,7.11,0.00
11000536,Synthetic account 003218,-7.11,0.00
12000536,Synthetic account 003219,7.12,9.04
20000536,Synthetic account 003220,-7.12,-9.04
30000536,Synthetic account 003221,7.13,0.00
40000536,Synthetic account 003222,-7.13,0.00
10000537,Synthetic account 003223,7.14,9.05
11000537,Synthetic account 003224,-7.14,-9.05
12000537,Synthetic account 003225,7.15,0.00
20000537,Synthetic account 003226,-7.15,0.00
30000537,Synthetic account 003227,7.16,9.06
40000537,Synthetic account 003228,-7.16,-9.06
10000538,Synthetic account 003229,7.17,0.00
11000538,Synthetic account 003230,-7.17,0.00
12000538,Synthetic account 003231,7.18,9.07
20000538,Synthetic account 003232,-7.18,-9.07
30000538,"Synthetic, quoted account 003233",7.19,0.00
40000538,Synthetic account 003234,-7.19,0.00
10000539,Synthetic account 003235,7.20,9.08
11000539,Synthetic account 003236,-7.20,-9.08
12000539,Synthetic account 003237,7.21,0.00
20000539,Synthetic account 003238,-7.21,0.00
30000539,Synthetic account 003239,7.22,9.09
40000539,Synthetic account 003240,-7.22,-9.09
10000540,Synthetic account 003241,7.23,0.00
11000540,Synthetic account 003242,-7.23,0.00
12000540,Synthetic account 003243,7.24,9.10
20000540,Synthetic account 003244,-7.24,-9.10
30000540,Synthetic account 003245,7.25,0.00
40000540,Synthetic account 003246,-7.25,0.00
10000541,Synthetic account 003247,7.26,9.11
11000541,Synthetic account 003248,-7.26,-9.11
12000541,Synthetic account 003249,7.27,0.00
20000541,Synthetic account 003250,-7.27,0.00
30000541,Synthetic account 003251,7.28,9.12
40000541,Synthetic account 003252,-7.28,-9.12
10000542,Synthetic account 003253,7.29,0.00
11000542,Synthetic account 003254,-7.29,0.00
12000542,Synthetic account 003255,7.30,9.13
20000542,Synthetic account 003256,-7.30,-9.13
30000542,Synthetic account 003257,7.31,0.00
40000542,Synthetic account 003258,-7.31,0.00
10000543,Synthetic account 003259,7.32,9.14
11000543,Synthetic account 003260,-7.32,-9.14
12000543,Synthetic account 003261,7.33,0.00
20000543,Synthetic account 003262,-7.33,0.00
30000543,Synthetic account 003263,7.34,9.15
40000543,Synthetic account 003264,-7.34,-9.15
10000544,Synthetic account 003265,7.35,0.00
11000544,Synthetic account 003266,-7.35,0.00
12000544,Synthetic account 003267,7.36,9.16
20000544,Synthetic account 003268,-7.36,-9.16
30000544,Synthetic account 003269,7.37,0.00
40000544,Synthetic account 003270,-7.37,0.00
10000545,Synthetic account 003271,7.38,9.17
11000545,Synthetic account 003272,-7.38,-9.17
12000545,Synthetic account 003273,7.39,0.00
20000545,Synthetic account 003274,-7.39,0.00
30000545,Synthetic account 003275,7.40,9.18
40000545,Synthetic account 003276,-7.40,-9.18
10000546,Synthetic account 003277,7.41,0.00
11000546,Synthetic account 003278,-7.41,0.00
12000546,Synthetic account 003279,7.42,9.19
20000546,Synthetic account 003280,-7.42,-9.19
30000546,Synthetic account 003281,7.43,0.00
40000546,Synthetic account 003282,-7.43,0.00
10000547,Synthetic account 003283,7.44,9.20
11000547,Synthetic account 003284,-7.44,-9.20
12000547,Synthetic account 003285,7.45,0.00
20000547,Synthetic account 003286,-7.45,0.00
30000547,Synthetic account 003287,7.46,9.21
40000547,Synthetic account 003288,-7.46,-9.21
10000548,Synthetic account 003289,7.47,0.00
11000548,Synthetic account 003290,-7.47,0.00
12000548,Synthetic account 003291,7.48,9.22
20000548,Synthetic account 003292,-7.48,-9.22
30000548,Synthetic account 003293,7.49,0.00
40000548,Synthetic account 003294,-7.49,0.00
10000549,Synthetic account 003295,7.50,9.23
11000549,Synthetic account 003296,-7.50,-9.23
12000549,Synthetic account 003297,7.51,0.00
20000549,Synthetic account 003298,-7.51,0.00
30000549,Synthetic account 003299,7.52,9.24
40000549,Synthetic account 003300,-7.52,-9.24
10000550,Synthetic account 003301,7.53,0.00
11000550,Synthetic account 003302,-7.53,0.00
12000550,Synthetic account 003303,7.54,9.25
20000550,Synthetic account 003304,-7.54,-9.25
30000550,Synthetic account 003305,7.55,0.00
40000550,Synthetic account 003306,-7.55,0.00
10000551,Synthetic account 003307,7.56,9.26
11000551,Synthetic account 003308,-7.56,-9.26
12000551,Synthetic account 003309,7.57,0.00
20000551,Synthetic account 003310,-7.57,0.00
30000551,Synthetic account 003311,7.58,9.27
40000551,Synthetic account 003312,-7.58,-9.27
10000552,Synthetic account 003313,7.59,0.00
11000552,Synthetic account 003314,-7.59,0.00
12000552,Synthetic account 003315,7.60,9.28
20000552,Synthetic account 003316,-7.60,-9.28
30000552,Synthetic account 003317,7.61,0.00
40000552,Synthetic account 003318,-7.61,0.00
10000553,Synthetic account 003319,7.62,9.29
11000553,Synthetic account 003320,-7.62,-9.29
12000553,Synthetic account 003321,7.63,0.00
20000553,Synthetic account 003322,-7.63,0.00
30000553,Synthetic account 003323,7.64,9.30
40000553,Synthetic account 003324,-7.64,-9.30
10000554,Synthetic account 003325,7.65,0.00
11000554,Synthetic account 003326,-7.65,0.00
12000554,Synthetic account 003327,7.66,9.31
20000554,Synthetic account 003328,-7.66,-9.31
30000554,Synthetic account 003329,7.67,0.00
40000554,Synthetic account 003330,-7.67,0.00
10000555,Synthetic account 003331,7.68,9.32
11000555,Synthetic account 003332,-7.68,-9.32
12000555,Synthetic account 003333,7.69,0.00
20000555,"Synthetic, quoted account 003334",-7.69,0.00
30000555,Synthetic account 003335,7.70,9.33
40000555,Synthetic account 003336,-7.70,-9.33
10000556,Synthetic account 003337,7.71,0.00
11000556,Synthetic account 003338,-7.71,0.00
12000556,Synthetic account 003339,7.72,9.34
20000556,Synthetic account 003340,-7.72,-9.34
30000556,Synthetic account 003341,7.73,0.00
40000556,Synthetic account 003342,-7.73,0.00
10000557,Synthetic account 003343,7.74,9.35
11000557,Synthetic account 003344,-7.74,-9.35
12000557,Synthetic account 003345,7.75,0.00
20000557,Synthetic account 003346,-7.75,0.00
30000557,Synthetic account 003347,7.76,9.36
40000557,Synthetic account 003348,-7.76,-9.36
10000558,Synthetic account 003349,7.77,0.00
11000558,Synthetic account 003350,-7.77,0.00
12000558,Synthetic account 003351,7.78,9.37
20000558,Synthetic account 003352,-7.78,-9.37
30000558,Synthetic account 003353,7.79,0.00
40000558,Synthetic account 003354,-7.79,0.00
10000559,Synthetic account 003355,7.80,9.38
11000559,Synthetic account 003356,-7.80,-9.38
12000559,Synthetic account 003357,7.81,0.00
20000559,Synthetic account 003358,-7.81,0.00
30000559,Synthetic account 003359,7.82,9.39
40000559,Synthetic account 003360,-7.82,-9.39
10000560,Synthetic account 003361,7.83,0.00
11000560,Synthetic account 003362,-7.83,0.00
12000560,Synthetic account 003363,7.84,9.40
20000560,Synthetic account 003364,-7.84,-9.40
30000560,Synthetic account 003365,7.85,0.00
40000560,Synthetic account 003366,-7.85,0.00
10000561,Synthetic account 003367,7.86,9.41
11000561,Synthetic account 003368,-7.86,-9.41
12000561,Synthetic account 003369,7.87,0.00
20000561,Synthetic account 003370,-7.87,0.00
30000561,Synthetic account 003371,7.88,9.42
40000561,Synthetic account 003372,-7.88,-9.42
10000562,Synthetic account 003373,7.89,0.00
11000562,Synthetic account 003374,-7.89,0.00
12000562,Synthetic account 003375,7.90,9.43
20000562,Synthetic account 003376,-7.90,-9.43
30000562,"Synthetic ""review"" account 003377",7.91,0.00
40000562,Synthetic account 003378,-7.91,0.00
10000563,Synthetic account 003379,7.92,9.44
11000563,Synthetic account 003380,-7.92,-9.44
12000563,Synthetic account 003381,7.93,0.00
20000563,Synthetic account 003382,-7.93,0.00
30000563,Synthetic account 003383,7.94,9.45
40000563,Synthetic account 003384,-7.94,-9.45
10000564,Synthetic account 003385,7.95,0.00
11000564,Synthetic account 003386,-7.95,0.00
12000564,Synthetic account 003387,7.96,9.46
20000564,Synthetic account 003388,-7.96,-9.46
30000564,Synthetic account 003389,7.97,0.00
40000564,Synthetic account 003390,-7.97,0.00
10000565,Synthetic account 003391,7.98,9.47
11000565,Synthetic account 003392,-7.98,-9.47
12000565,Synthetic account 003393,7.99,0.00
20000565,Synthetic account 003394,-7.99,0.00
30000565,Synthetic account 003395,8.00,9.48
40000565,Synthetic account 003396,-8.00,-9.48
10000566,Synthetic account 003397,8.01,0.00
11000566,Synthetic account 003398,-8.01,0.00
12000566,Synthetic account 003399,8.02,9.49
20000566,Synthetic account 003400,-8.02,-9.49
30000566,Synthetic account 003401,8.03,0.00
40000566,Synthetic account 003402,-8.03,0.00
10000567,Synthetic account 003403,8.04,9.50
11000567,Synthetic account 003404,-8.04,-9.50
12000567,Synthetic account 003405,8.05,0.00
20000567,Synthetic account 003406,-8.05,0.00
30000567,Synthetic account 003407,8.06,9.51
40000567,Synthetic account 003408,-8.06,-9.51
10000568,Synthetic account 003409,8.07,0.00
11000568,Synthetic account 003410,-8.07,0.00
12000568,Synthetic account 003411,8.08,9.52
20000568,Synthetic account 003412,-8.08,-9.52
30000568,Synthetic account 003413,8.09,0.00
40000568,Synthetic account 003414,-8.09,0.00
10000569,Synthetic account 003415,8.10,9.53
11000569,Synthetic account 003416,-8.10,-9.53
12000569,Synthetic account 003417,8.11,0.00
20000569,Synthetic account 003418,-8.11,0.00
30000569,Synthetic account 003419,8.12,9.54
40000569,Synthetic account 003420,-8.12,-9.54
10000570,Synthetic account 003421,8.13,0.00
11000570,Synthetic account 003422,-8.13,0.00
12000570,Synthetic account 003423,8.14,9.55
20000570,Synthetic account 003424,-8.14,-9.55
30000570,Synthetic account 003425,8.15,0.00
40000570,Synthetic account 003426,-8.15,0.00
10000571,Synthetic account 003427,8.16,9.56
11000571,Synthetic account 003428,-8.16,-9.56
12000571,Synthetic account 003429,8.17,0.00
20000571,Synthetic account 003430,-8.17,0.00
30000571,Synthetic account 003431,8.18,9.57
40000571,Synthetic account 003432,-8.18,-9.57
10000572,Synthetic account 003433,8.19,0.00
11000572,Synthetic account 003434,-8.19,0.00
12000572,"Synthetic, quoted account 003435",8.20,9.58
20000572,Synthetic account 003436,-8.20,-9.58
30000572,Synthetic account 003437,8.21,0.00
40000572,Synthetic account 003438,-8.21,0.00
10000573,Synthetic account 003439,8.22,9.59
11000573,Synthetic account 003440,-8.22,-9.59
12000573,Synthetic account 003441,8.23,0.00
20000573,Synthetic account 003442,-8.23,0.00
30000573,Synthetic account 003443,8.24,9.60
40000573,Synthetic account 003444,-8.24,-9.60
10000574,Synthetic account 003445,8.25,0.00
11000574,Synthetic account 003446,-8.25,0.00
12000574,Synthetic account 003447,8.26,9.61
20000574,Synthetic account 003448,-8.26,-9.61
30000574,Synthetic account 003449,8.27,0.00
40000574,Synthetic account 003450,-8.27,0.00
10000575,Synthetic account 003451,8.28,9.62
11000575,Synthetic account 003452,-8.28,-9.62
12000575,Synthetic account 003453,8.29,0.00
20000575,Synthetic account 003454,-8.29,0.00
30000575,Synthetic account 003455,8.30,9.63
40000575,Synthetic account 003456,-8.30,-9.63
10000576,Synthetic account 003457,8.31,0.00
11000576,Synthetic account 003458,-8.31,0.00
12000576,Synthetic account 003459,8.32,9.64
20000576,Synthetic account 003460,-8.32,-9.64
30000576,Synthetic account 003461,8.33,0.00
40000576,Synthetic account 003462,-8.33,0.00
10000577,Synthetic account 003463,8.34,9.65
11000577,Synthetic account 003464,-8.34,-9.65
12000577,Synthetic account 003465,8.35,0.00
20000577,Synthetic account 003466,-8.35,0.00
30000577,Synthetic account 003467,8.36,9.66
40000577,Synthetic account 003468,-8.36,-9.66
10000578,Synthetic account 003469,8.37,0.00
11000578,Synthetic account 003470,-8.37,0.00
12000578,Synthetic account 003471,8.38,9.67
20000578,Synthetic account 003472,-8.38,-9.67
30000578,Synthetic account 003473,8.39,0.00
40000578,Synthetic account 003474,-8.39,0.00
10000579,Synthetic account 003475,8.40,9.68
11000579,Synthetic account 003476,-8.40,-9.68
12000579,Synthetic account 003477,8.41,0.00
20000579,Synthetic account 003478,-8.41,0.00
30000579,Synthetic account 003479,8.42,9.69
40000579,Synthetic account 003480,-8.42,-9.69
10000580,Synthetic account 003481,8.43,0.00
11000580,Synthetic account 003482,-8.43,0.00
12000580,Synthetic account 003483,8.44,9.70
20000580,Synthetic account 003484,-8.44,-9.70
30000580,Synthetic account 003485,8.45,0.00
40000580,Synthetic account 003486,-8.45,0.00
10000581,Synthetic account 003487,8.46,9.71
11000581,Synthetic account 003488,-8.46,-9.71
12000581,Synthetic account 003489,8.47,0.00
20000581,Synthetic account 003490,-8.47,0.00
30000581,Synthetic account 003491,8.48,9.72
40000581,Synthetic account 003492,-8.48,-9.72
10000582,Synthetic account 003493,8.49,0.00
11000582,Synthetic account 003494,-8.49,0.00
12000582,Synthetic account 003495,8.50,9.73
20000582,Synthetic account 003496,-8.50,-9.73
30000582,Synthetic account 003497,8.51,0.00
40000582,Synthetic account 003498,-8.51,0.00
10000583,Synthetic account 003499,8.52,9.74
11000583,Synthetic account 003500,-8.52,-9.74
12000583,Synthetic account 003501,8.53,0.00
20000583,Synthetic account 003502,-8.53,0.00
30000583,Synthetic account 003503,8.54,9.75
40000583,Synthetic account 003504,-8.54,-9.75
10000584,Synthetic account 003505,8.55,0.00
11000584,Synthetic account 003506,-8.55,0.00
12000584,Synthetic account 003507,8.56,9.76
20000584,Synthetic account 003508,-8.56,-9.76
30000584,Synthetic account 003509,8.57,0.00
40000584,Synthetic account 003510,-8.57,0.00
10000585,Synthetic account 003511,8.58,9.77
11000585,Synthetic account 003512,-8.58,-9.77
12000585,Synthetic account 003513,8.59,0.00
20000585,Synthetic account 003514,-8.59,0.00
30000585,Synthetic account 003515,8.60,9.78
40000585,Synthetic account 003516,-8.60,-9.78
10000586,Synthetic account 003517,8.61,0.00
11000586,Synthetic account 003518,-8.61,0.00
12000586,Synthetic account 003519,8.62,9.79
20000586,Synthetic account 003520,-8.62,-9.79
30000586,Synthetic account 003521,8.63,0.00
40000586,Synthetic account 003522,-8.63,0.00
10000587,Synthetic account 003523,8.64,9.80
11000587,Synthetic account 003524,-8.64,-9.80
12000587,Synthetic account 003525,8.65,0.00
20000587,Synthetic account 003526,-8.65,0.00
30000587,Synthetic account 003527,8.66,9.81
40000587,Synthetic account 003528,-8.66,-9.81
10000588,Synthetic account 003529,8.67,0.00
11000588,Synthetic account 003530,-8.67,0.00
12000588,Synthetic account 003531,8.68,9.82
20000588,Synthetic account 003532,-8.68,-9.82
30000588,Synthetic account 003533,8.69,0.00
40000588,Synthetic account 003534,-8.69,0.00
10000589,Synthetic account 003535,8.70,9.83
11000589,"Synthetic, quoted account 003536",-8.70,-9.83
12000589,Synthetic account 003537,8.71,0.00
20000589,Synthetic account 003538,-8.71,0.00
30000589,Synthetic account 003539,8.72,9.84
40000589,Synthetic account 003540,-8.72,-9.84
10000590,Synthetic account 003541,8.73,0.00
11000590,Synthetic account 003542,-8.73,0.00
12000590,Synthetic account 003543,8.74,9.85
20000590,Synthetic account 003544,-8.74,-9.85
30000590,Synthetic account 003545,8.75,0.00
40000590,Synthetic account 003546,-8.75,0.00
10000591,Synthetic account 003547,8.76,9.86
11000591,Synthetic account 003548,-8.76,-9.86
12000591,Synthetic account 003549,8.77,0.00
20000591,Synthetic account 003550,-8.77,0.00
30000591,Synthetic account 003551,8.78,9.87
40000591,Synthetic account 003552,-8.78,-9.87
10000592,Synthetic account 003553,8.79,0.00
11000592,Synthetic account 003554,-8.79,0.00
12000592,Synthetic account 003555,8.80,9.88
20000592,Synthetic account 003556,-8.80,-9.88
30000592,Synthetic account 003557,8.81,0.00
40000592,Synthetic account 003558,-8.81,0.00
10000593,Synthetic account 003559,8.82,9.89
11000593,Synthetic account 003560,-8.82,-9.89
12000593,Synthetic account 003561,8.83,0.00
20000593,Synthetic account 003562,-8.83,0.00
30000593,Synthetic account 003563,8.84,9.90
40000593,Synthetic account 003564,-8.84,-9.90
10000594,Synthetic account 003565,8.85,0.00
11000594,Synthetic account 003566,-8.85,0.00
12000594,Synthetic account 003567,8.86,9.91
20000594,Synthetic account 003568,-8.86,-9.91
30000594,Synthetic account 003569,8.87,0.00
40000594,Synthetic account 003570,-8.87,0.00
10000595,Synthetic account 003571,8.88,9.92
11000595,Synthetic account 003572,-8.88,-9.92
12000595,Synthetic account 003573,8.89,0.00
20000595,Synthetic account 003574,-8.89,0.00
30000595,Synthetic account 003575,8.90,9.93
40000595,Synthetic account 003576,-8.90,-9.93
10000596,Synthetic account 003577,8.91,0.00
11000596,Synthetic account 003578,-8.91,0.00
12000596,Synthetic account 003579,8.92,9.94
20000596,Synthetic account 003580,-8.92,-9.94
30000596,Synthetic account 003581,8.93,0.00
40000596,Synthetic account 003582,-8.93,0.00
10000597,Synthetic account 003583,8.94,9.95
11000597,Synthetic account 003584,-8.94,-9.95
12000597,Synthetic account 003585,8.95,0.00
20000597,Synthetic account 003586,-8.95,0.00
30000597,Synthetic account 003587,8.96,9.96
40000597,"Synthetic ""review"" account 003588",-8.96,-9.96
10000598,Synthetic account 003589,8.97,0.00
11000598,Synthetic account 003590,-8.97,0.00
12000598,Synthetic account 003591,8.98,9.97
20000598,Synthetic account 003592,-8.98,-9.97
30000598,Synthetic account 003593,8.99,0.00
40000598,Synthetic account 003594,-8.99,0.00
10000599,Synthetic account 003595,9.00,9.98
11000599,Synthetic account 003596,-9.00,-9.98
12000599,Synthetic account 003597,9.01,0.00
20000599,Synthetic account 003598,-9.01,0.00
30000599,Synthetic account 003599,9.02,9.99
40000599,Synthetic account 003600,-9.02,-9.99
10000600,Synthetic account 003601,9.03,0.00
11000600,Synthetic account 003602,-9.03,0.00
12000600,Synthetic account 003603,9.04,10.00
20000600,Synthetic account 003604,-9.04,-10.00
30000600,Synthetic account 003605,9.05,0.00
40000600,Synthetic account 003606,-9.05,0.00
10000601,Synthetic account 003607,9.06,10.01
11000601,Synthetic account 003608,-9.06,-10.01
12000601,Synthetic account 003609,9.07,0.00
20000601,Synthetic account 003610,-9.07,0.00
30000601,Synthetic account 003611,9.08,10.02
40000601,Synthetic account 003612,-9.08,-10.02
10000602,Synthetic account 003613,9.09,0.00
11000602,Synthetic account 003614,-9.09,0.00
12000602,Synthetic account 003615,9.10,10.03
20000602,Synthetic account 003616,-9.10,-10.03
30000602,Synthetic account 003617,9.11,0.00
40000602,Synthetic account 003618,-9.11,0.00
10000603,Synthetic account 003619,9.12,10.04
11000603,Synthetic account 003620,-9.12,-10.04
12000603,Synthetic account 003621,9.13,0.00
20000603,Synthetic account 003622,-9.13,0.00
30000603,Synthetic account 003623,9.14,10.05
40000603,Synthetic account 003624,-9.14,-10.05
10000604,Synthetic account 003625,9.15,0.00
11000604,Synthetic account 003626,-9.15,0.00
12000604,Synthetic account 003627,9.16,10.06
20000604,Synthetic account 003628,-9.16,-10.06
30000604,Synthetic account 003629,9.17,0.00
40000604,Synthetic account 003630,-9.17,0.00
10000605,Synthetic account 003631,9.18,10.07
11000605,Synthetic account 003632,-9.18,-10.07
12000605,Synthetic account 003633,9.19,0.00
20000605,Synthetic account 003634,-9.19,0.00
30000605,Synthetic account 003635,9.20,10.08
40000605,Synthetic account 003636,-9.20,-10.08
10000606,"Synthetic, quoted account 003637",9.21,0.00
11000606,Synthetic account 003638,-9.21,0.00
12000606,Synthetic account 003639,9.22,10.09
20000606,Synthetic account 003640,-9.22,-10.09
30000606,Synthetic account 003641,9.23,0.00
40000606,Synthetic account 003642,-9.23,0.00
10000607,Synthetic account 003643,9.24,10.10
11000607,Synthetic account 003644,-9.24,-10.10
12000607,Synthetic account 003645,9.25,0.00
20000607,Synthetic account 003646,-9.25,0.00
30000607,Synthetic account 003647,9.26,10.11
40000607,Synthetic account 003648,-9.26,-10.11
10000608,Synthetic account 003649,9.27,0.00
11000608,Synthetic account 003650,-9.27,0.00
12000608,Synthetic account 003651,9.28,10.12
20000608,Synthetic account 003652,-9.28,-10.12
30000608,Synthetic account 003653,9.29,0.00
40000608,Synthetic account 003654,-9.29,0.00
10000609,Synthetic account 003655,9.30,10.13
11000609,Synthetic account 003656,-9.30,-10.13
12000609,Synthetic account 003657,9.31,0.00
20000609,Synthetic account 003658,-9.31,0.00
30000609,Synthetic account 003659,9.32,10.14
40000609,Synthetic account 003660,-9.32,-10.14
10000610,Synthetic account 003661,9.33,0.00
11000610,Synthetic account 003662,-9.33,0.00
12000610,Synthetic account 003663,9.34,10.15
20000610,Synthetic account 003664,-9.34,-10.15
30000610,Synthetic account 003665,9.35,0.00
40000610,Synthetic account 003666,-9.35,0.00
10000611,Synthetic account 003667,9.36,10.16
11000611,Synthetic account 003668,-9.36,-10.16
12000611,Synthetic account 003669,9.37,0.00
20000611,Synthetic account 003670,-9.37,0.00
30000611,Synthetic account 003671,9.38,10.17
40000611,Synthetic account 003672,-9.38,-10.17
10000612,Synthetic account 003673,9.39,0.00
11000612,Synthetic account 003674,-9.39,0.00
12000612,Synthetic account 003675,9.40,10.18
20000612,Synthetic account 003676,-9.40,-10.18
30000612,Synthetic account 003677,9.41,0.00
40000612,Synthetic account 003678,-9.41,0.00
10000613,Synthetic account 003679,9.42,10.19
11000613,Synthetic account 003680,-9.42,-10.19
12000613,Synthetic account 003681,9.43,0.00
20000613,Synthetic account 003682,-9.43,0.00
30000613,Synthetic account 003683,9.44,10.20
40000613,Synthetic account 003684,-9.44,-10.20
10000614,Synthetic account 003685,9.45,0.00
11000614,Synthetic account 003686,-9.45,0.00
12000614,Synthetic account 003687,9.46,10.21
20000614,Synthetic account 003688,-9.46,-10.21
30000614,Synthetic account 003689,9.47,0.00
40000614,Synthetic account 003690,-9.47,0.00
10000615,Synthetic account 003691,9.48,10.22
11000615,Synthetic account 003692,-9.48,-10.22
12000615,Synthetic account 003693,9.49,0.00
20000615,Synthetic account 003694,-9.49,0.00
30000615,Synthetic account 003695,9.50,10.23
40000615,Synthetic account 003696,-9.50,-10.23
10000616,Synthetic account 003697,9.51,0.00
11000616,Synthetic account 003698,-9.51,0.00
12000616,Synthetic account 003699,9.52,10.24
20000616,Synthetic account 003700,-9.52,-10.24
30000616,Synthetic account 003701,9.53,0.00
40000616,Synthetic account 003702,-9.53,0.00
10000617,Synthetic account 003703,9.54,10.25
11000617,Synthetic account 003704,-9.54,-10.25
12000617,Synthetic account 003705,9.55,0.00
20000617,Synthetic account 003706,-9.55,0.00
30000617,Synthetic account 003707,9.56,10.26
40000617,Synthetic account 003708,-9.56,-10.26
10000618,Synthetic account 003709,9.57,0.00
11000618,Synthetic account 003710,-9.57,0.00
12000618,Synthetic account 003711,9.58,10.27
20000618,Synthetic account 003712,-9.58,-10.27
30000618,Synthetic account 003713,9.59,0.00
40000618,Synthetic account 003714,-9.59,0.00
10000619,Synthetic account 003715,9.60,10.28
11000619,Synthetic account 003716,-9.60,-10.28
12000619,Synthetic account 003717,9.61,0.00
20000619,Synthetic account 003718,-9.61,0.00
30000619,Synthetic account 003719,9.62,10.29
40000619,Synthetic account 003720,-9.62,-10.29
10000620,Synthetic account 003721,9.63,0.00
11000620,Synthetic account 003722,-9.63,0.00
12000620,Synthetic account 003723,9.64,10.30
20000620,Synthetic account 003724,-9.64,-10.30
30000620,Synthetic account 003725,9.65,0.00
40000620,Synthetic account 003726,-9.65,0.00
10000621,Synthetic account 003727,9.66,10.31
11000621,Synthetic account 003728,-9.66,-10.31
12000621,Synthetic account 003729,9.67,0.00
20000621,Synthetic account 003730,-9.67,0.00
30000621,Synthetic account 003731,9.68,10.32
40000621,Synthetic account 003732,-9.68,-10.32
10000622,Synthetic account 003733,9.69,0.00
11000622,Synthetic account 003734,-9.69,0.00
12000622,Synthetic account 003735,9.70,10.33
20000622,Synthetic account 003736,-9.70,-10.33
30000622,Synthetic account 003737,9.71,0.00
40000622,"Synthetic, quoted account 003738",-9.71,0.00
10000623,Synthetic account 003739,9.72,10.34
11000623,Synthetic account 003740,-9.72,-10.34
12000623,Synthetic account 003741,9.73,0.00
20000623,Synthetic account 003742,-9.73,0.00
30000623,Synthetic account 003743,9.74,10.35
40000623,Synthetic account 003744,-9.74,-10.35
10000624,Synthetic account 003745,9.75,0.00
11000624,Synthetic account 003746,-9.75,0.00
12000624,Synthetic account 003747,9.76,10.36
20000624,Synthetic account 003748,-9.76,-10.36
30000624,Synthetic account 003749,9.77,0.00
40000624,Synthetic account 003750,-9.77,0.00
10000625,Synthetic account 003751,9.78,10.37
11000625,Synthetic account 003752,-9.78,-10.37
12000625,Synthetic account 003753,9.79,0.00
20000625,Synthetic account 003754,-9.79,0.00
30000625,Synthetic account 003755,9.80,10.38
40000625,Synthetic account 003756,-9.80,-10.38
10000626,Synthetic account 003757,9.81,0.00
11000626,Synthetic account 003758,-9.81,0.00
12000626,Synthetic account 003759,9.82,10.39
20000626,Synthetic account 003760,-9.82,-10.39
30000626,Synthetic account 003761,9.83,0.00
40000626,Synthetic account 003762,-9.83,0.00
10000627,Synthetic account 003763,9.84,10.40
11000627,Synthetic account 003764,-9.84,-10.40
12000627,Synthetic account 003765,9.85,0.00
20000627,Synthetic account 003766,-9.85,0.00
30000627,Synthetic account 003767,9.86,10.41
40000627,Synthetic account 003768,-9.86,-10.41
10000628,Synthetic account 003769,9.87,0.00
11000628,Synthetic account 003770,-9.87,0.00
12000628,Synthetic account 003771,9.88,10.42
20000628,Synthetic account 003772,-9.88,-10.42
30000628,Synthetic account 003773,9.89,0.00
40000628,Synthetic account 003774,-9.89,0.00
10000629,Synthetic account 003775,9.90,10.43
11000629,Synthetic account 003776,-9.90,-10.43
12000629,Synthetic account 003777,9.91,0.00
20000629,Synthetic account 003778,-9.91,0.00
30000629,Synthetic account 003779,9.92,10.44
40000629,Synthetic account 003780,-9.92,-10.44
10000630,Synthetic account 003781,9.93,0.00
11000630,Synthetic account 003782,-9.93,0.00
12000630,Synthetic account 003783,9.94,10.45
20000630,Synthetic account 003784,-9.94,-10.45
30000630,Synthetic account 003785,9.95,0.00
40000630,Synthetic account 003786,-9.95,0.00
10000631,Synthetic account 003787,9.96,10.46
11000631,Synthetic account 003788,-9.96,-10.46
12000631,Synthetic account 003789,9.97,0.00
20000631,Synthetic account 003790,-9.97,0.00
30000631,Synthetic account 003791,9.98,10.47
40000631,Synthetic account 003792,-9.98,-10.47
10000632,Synthetic account 003793,9.99,0.00
11000632,Synthetic account 003794,-9.99,0.00
12000632,Synthetic account 003795,10.00,10.48
20000632,Synthetic account 003796,-10.00,-10.48
30000632,Synthetic account 003797,10.01,0.00
40000632,Synthetic account 003798,-10.01,0.00
10000633,"Synthetic ""review"" account 003799",10.02,10.49
11000633,Synthetic account 003800,-10.02,-10.49
12000633,Synthetic account 003801,10.03,0.00
20000633,Synthetic account 003802,-10.03,0.00
30000633,Synthetic account 003803,10.04,10.50
40000633,Synthetic account 003804,-10.04,-10.50
10000634,Synthetic account 003805,10.05,0.00
11000634,Synthetic account 003806,-10.05,0.00
12000634,Synthetic account 003807,10.06,10.51
20000634,Synthetic account 003808,-10.06,-10.51
30000634,Synthetic account 003809,10.07,0.00
40000634,Synthetic account 003810,-10.07,0.00
10000635,Synthetic account 003811,10.08,10.52
11000635,Synthetic account 003812,-10.08,-10.52
12000635,Synthetic account 003813,10.09,0.00
20000635,Synthetic account 003814,-10.09,0.00
30000635,Synthetic account 003815,10.10,10.53
40000635,Synthetic account 003816,-10.10,-10.53
10000636,Synthetic account 003817,10.11,0.00
11000636,Synthetic account 003818,-10.11,0.00
12000636,Synthetic account 003819,10.12,10.54
20000636,Synthetic account 003820,-10.12,-10.54
30000636,Synthetic account 003821,10.13,0.00
40000636,Synthetic account 003822,-10.13,0.00
10000637,Synthetic account 003823,10.14,10.55
11000637,Synthetic account 003824,-10.14,-10.55
12000637,Synthetic account 003825,10.15,0.00
20000637,Synthetic account 003826,-10.15,0.00
30000637,Synthetic account 003827,10.16,10.56
40000637,Synthetic account 003828,-10.16,-10.56
10000638,Synthetic account 003829,10.17,0.00
11000638,Synthetic account 003830,-10.17,0.00
12000638,Synthetic account 003831,10.18,10.57
20000638,Synthetic account 003832,-10.18,-10.57
30000638,Synthetic account 003833,10.19,0.00
40000638,Synthetic account 003834,-10.19,0.00
10000639,Synthetic account 003835,10.20,10.58
11000639,Synthetic account 003836,-10.20,-10.58
12000639,Synthetic account 003837,10.21,0.00
20000639,Synthetic account 003838,-10.21,0.00
30000639,"Synthetic, quoted account 003839",10.22,10.59
40000639,Synthetic account 003840,-10.22,-10.59
10000640,Synthetic account 003841,10.23,0.00
11000640,Synthetic account 003842,-10.23,0.00
12000640,Synthetic account 003843,10.24,10.60
20000640,Synthetic account 003844,-10.24,-10.60
30000640,Synthetic account 003845,10.25,0.00
40000640,Synthetic account 003846,-10.25,0.00
10000641,Synthetic account 003847,10.26,10.61
11000641,Synthetic account 003848,-10.26,-10.61
12000641,Synthetic account 003849,10.27,0.00
20000641,Synthetic account 003850,-10.27,0.00
30000641,Synthetic account 003851,10.28,10.62
40000641,Synthetic account 003852,-10.28,-10.62
10000642,Synthetic account 003853,10.29,0.00
11000642,Synthetic account 003854,-10.29,0.00
12000642,Synthetic account 003855,10.30,10.63
20000642,Synthetic account 003856,-10.30,-10.63
30000642,Synthetic account 003857,10.31,0.00
40000642,Synthetic account 003858,-10.31,0.00
10000643,Synthetic account 003859,10.32,10.64
11000643,Synthetic account 003860,-10.32,-10.64
12000643,Synthetic account 003861,10.33,0.00
20000643,Synthetic account 003862,-10.33,0.00
30000643,Synthetic account 003863,10.34,10.65
40000643,Synthetic account 003864,-10.34,-10.65
10000644,Synthetic account 003865,10.35,0.00
11000644,Synthetic account 003866,-10.35,0.00
12000644,Synthetic account 003867,10.36,10.66
20000644,Synthetic account 003868,-10.36,-10.66
30000644,Synthetic account 003869,10.37,0.00
40000644,Synthetic account 003870,-10.37,0.00
10000645,Synthetic account 003871,10.38,10.67
11000645,Synthetic account 003872,-10.38,-10.67
12000645,Synthetic account 003873,10.39,0.00
20000645,Synthetic account 003874,-10.39,0.00
30000645,Synthetic account 003875,10.40,10.68
40000645,Synthetic account 003876,-10.40,-10.68
10000646,Synthetic account 003877,10.41,0.00
11000646,Synthetic account 003878,-10.41,0.00
12000646,Synthetic account 003879,10.42,10.69
20000646,Synthetic account 003880,-10.42,-10.69
30000646,Synthetic account 003881,10.43,0.00
40000646,Synthetic account 003882,-10.43,0.00
10000647,Synthetic account 003883,10.44,10.70
11000647,Synthetic account 003884,-10.44,-10.70
12000647,Synthetic account 003885,10.45,0.00
20000647,Synthetic account 003886,-10.45,0.00
30000647,Synthetic account 003887,10.46,10.71
40000647,Synthetic account 003888,-10.46,-10.71
10000648,Synthetic account 003889,10.47,0.00
11000648,Synthetic account 003890,-10.47,0.00
12000648,Synthetic account 003891,10.48,10.72
20000648,Synthetic account 003892,-10.48,-10.72
30000648,Synthetic account 003893,10.49,0.00
40000648,Synthetic account 003894,-10.49,0.00
10000649,Synthetic account 003895,10.50,10.73
11000649,Synthetic account 003896,-10.50,-10.73
12000649,Synthetic account 003897,10.51,0.00
20000649,Synthetic account 003898,-10.51,0.00
30000649,Synthetic account 003899,10.52,10.74
40000649,Synthetic account 003900,-10.52,-10.74
10000650,Synthetic account 003901,10.53,0.00
11000650,Synthetic account 003902,-10.53,0.00
12000650,Synthetic account 003903,10.54,10.75
20000650,Synthetic account 003904,-10.54,-10.75
30000650,Synthetic account 003905,10.55,0.00
40000650,Synthetic account 003906,-10.55,0.00
10000651,Synthetic account 003907,10.56,10.76
11000651,Synthetic account 003908,-10.56,-10.76
12000651,Synthetic account 003909,10.57,0.00
20000651,Synthetic account 003910,-10.57,0.00
30000651,Synthetic account 003911,10.58,10.77
40000651,Synthetic account 003912,-10.58,-10.77
10000652,Synthetic account 003913,10.59,0.00
11000652,Synthetic account 003914,-10.59,0.00
12000652,Synthetic account 003915,10.60,10.78
20000652,Synthetic account 003916,-10.60,-10.78
30000652,Synthetic account 003917,10.61,0.00
40000652,Synthetic account 003918,-10.61,0.00
10000653,Synthetic account 003919,10.62,10.79
11000653,Synthetic account 003920,-10.62,-10.79
12000653,Synthetic account 003921,10.63,0.00
20000653,Synthetic account 003922,-10.63,0.00
30000653,Synthetic account 003923,10.64,10.80
40000653,Synthetic account 003924,-10.64,-10.80
10000654,Synthetic account 003925,10.65,0.00
11000654,Synthetic account 003926,-10.65,0.00
12000654,Synthetic account 003927,10.66,10.81
20000654,Synthetic account 003928,-10.66,-10.81
30000654,Synthetic account 003929,10.67,0.00
40000654,Synthetic account 003930,-10.67,0.00
10000655,Synthetic account 003931,10.68,10.82
11000655,Synthetic account 003932,-10.68,-10.82
12000655,Synthetic account 003933,10.69,0.00
20000655,Synthetic account 003934,-10.69,0.00
30000655,Synthetic account 003935,10.70,10.83
40000655,Synthetic account 003936,-10.70,-10.83
10000656,Synthetic account 003937,10.71,0.00
11000656,Synthetic account 003938,-10.71,0.00
12000656,Synthetic account 003939,10.72,10.84
20000656,"Synthetic, quoted account 003940",-10.72,-10.84
30000656,Synthetic account 003941,10.73,0.00
40000656,Synthetic account 003942,-10.73,0.00
10000657,Synthetic account 003943,10.74,10.85
11000657,Synthetic account 003944,-10.74,-10.85
12000657,Synthetic account 003945,10.75,0.00
20000657,Synthetic account 003946,-10.75,0.00
30000657,Synthetic account 003947,10.76,10.86
40000657,Synthetic account 003948,-10.76,-10.86
10000658,Synthetic account 003949,10.77,0.00
11000658,Synthetic account 003950,-10.77,0.00
12000658,Synthetic account 003951,10.78,10.87
20000658,Synthetic account 003952,-10.78,-10.87
30000658,Synthetic account 003953,10.79,0.00
40000658,Synthetic account 003954,-10.79,0.00
10000659,Synthetic account 003955,10.80,10.88
11000659,Synthetic account 003956,-10.80,-10.88
12000659,Synthetic account 003957,10.81,0.00
20000659,Synthetic account 003958,-10.81,0.00
30000659,Synthetic account 003959,10.82,10.89
40000659,Synthetic account 003960,-10.82,-10.89
10000660,Synthetic account 003961,10.83,0.00
11000660,Synthetic account 003962,-10.83,0.00
12000660,Synthetic account 003963,10.84,10.90
20000660,Synthetic account 003964,-10.84,-10.90
30000660,Synthetic account 003965,10.85,0.00
40000660,Synthetic account 003966,-10.85,0.00
10000661,Synthetic account 003967,10.86,10.91
11000661,Synthetic account 003968,-10.86,-10.91
12000661,Synthetic account 003969,10.87,0.00
20000661,Synthetic account 003970,-10.87,0.00
30000661,Synthetic account 003971,10.88,10.92
40000661,Synthetic account 003972,-10.88,-10.92
10000662,Synthetic account 003973,10.89,0.00
11000662,Synthetic account 003974,-10.89,0.00
12000662,Synthetic account 003975,10.90,10.93
20000662,Synthetic account 003976,-10.90,-10.93
30000662,Synthetic account 003977,10.91,0.00
40000662,Synthetic account 003978,-10.91,0.00
10000663,Synthetic account 003979,10.92,10.94
11000663,Synthetic account 003980,-10.92,-10.94
12000663,Synthetic account 003981,10.93,0.00
20000663,Synthetic account 003982,-10.93,0.00
30000663,Synthetic account 003983,10.94,10.95
40000663,Synthetic account 003984,-10.94,-10.95
10000664,Synthetic account 003985,10.95,0.00
11000664,Synthetic account 003986,-10.95,0.00
12000664,Synthetic account 003987,10.96,10.96
20000664,Synthetic account 003988,-10.96,-10.96
30000664,Synthetic account 003989,1.00,0.00
40000664,Synthetic account 003990,-1.00,0.00
10000665,Synthetic account 003991,1.01,1.00
11000665,Synthetic account 003992,-1.01,-1.00
12000665,Synthetic account 003993,1.02,0.00
20000665,Synthetic account 003994,-1.02,0.00
30000665,Synthetic account 003995,1.03,1.01
40000665,Synthetic account 003996,-1.03,-1.01
10000666,Synthetic account 003997,1.04,0.00
11000666,Synthetic account 003998,-1.04,0.00
12000666,Synthetic account 003999,1.05,1.02
20000666,Synthetic account 004000,-1.05,-1.02
30000666,Synthetic account 004001,1.06,0.00
40000666,Synthetic account 004002,-1.06,0.00
10000667,Synthetic account 004003,1.07,1.03
11000667,Synthetic account 004004,-1.07,-1.03
12000667,Synthetic account 004005,1.08,0.00
20000667,Synthetic account 004006,-1.08,0.00
30000667,Synthetic account 004007,1.09,1.04
40000667,Synthetic account 004008,-1.09,-1.04
10000668,Synthetic account 004009,1.10,0.00
11000668,"Synthetic ""review"" account 004010",-1.10,0.00
12000668,Synthetic account 004011,1.11,1.05
20000668,Synthetic account 004012,-1.11,-1.05
30000668,Synthetic account 004013,1.12,0.00
40000668,Synthetic account 004014,-1.12,0.00
10000669,Synthetic account 004015,1.13,1.06
11000669,Synthetic account 004016,-1.13,-1.06
12000669,Synthetic account 004017,1.14,0.00
20000669,Synthetic account 004018,-1.14,0.00
30000669,Synthetic account 004019,1.15,1.07
40000669,Synthetic account 004020,-1.15,-1.07
10000670,Synthetic account 004021,1.16,0.00
11000670,Synthetic account 004022,-1.16,0.00
12000670,Synthetic account 004023,1.17,1.08
20000670,Synthetic account 004024,-1.17,-1.08
30000670,Synthetic account 004025,1.18,0.00
40000670,Synthetic account 004026,-1.18,0.00
10000671,Synthetic account 004027,1.19,1.09
11000671,Synthetic account 004028,-1.19,-1.09
12000671,Synthetic account 004029,1.20,0.00
20000671,Synthetic account 004030,-1.20,0.00
30000671,Synthetic account 004031,1.21,1.10
40000671,Synthetic account 004032,-1.21,-1.10
10000672,Synthetic account 004033,1.22,0.00
11000672,Synthetic account 004034,-1.22,0.00
12000672,Synthetic account 004035,1.23,1.11
20000672,Synthetic account 004036,-1.23,-1.11
30000672,Synthetic account 004037,1.24,0.00
40000672,Synthetic account 004038,-1.24,0.00
10000673,Synthetic account 004039,1.25,1.12
11000673,Synthetic account 004040,-1.25,-1.12
12000673,"Synthetic, quoted account 004041",1.26,0.00
20000673,Synthetic account 004042,-1.26,0.00
30000673,Synthetic account 004043,1.27,1.13
40000673,Synthetic account 004044,-1.27,-1.13
10000674,Synthetic account 004045,1.28,0.00
11000674,Synthetic account 004046,-1.28,0.00
12000674,Synthetic account 004047,1.29,1.14
20000674,Synthetic account 004048,-1.29,-1.14
30000674,Synthetic account 004049,1.30,0.00
40000674,Synthetic account 004050,-1.30,0.00
10000675,Synthetic account 004051,1.31,1.15
11000675,Synthetic account 004052,-1.31,-1.15
12000675,Synthetic account 004053,1.32,0.00
20000675,Synthetic account 004054,-1.32,0.00
30000675,Synthetic account 004055,1.33,1.16
40000675,Synthetic account 004056,-1.33,-1.16
10000676,Synthetic account 004057,1.34,0.00
11000676,Synthetic account 004058,-1.34,0.00
12000676,Synthetic account 004059,1.35,1.17
20000676,Synthetic account 004060,-1.35,-1.17
30000676,Synthetic account 004061,1.36,0.00
40000676,Synthetic account 004062,-1.36,0.00
10000677,Synthetic account 004063,1.37,1.18
11000677,Synthetic account 004064,-1.37,-1.18
12000677,Synthetic account 004065,1.38,0.00
20000677,Synthetic account 004066,-1.38,0.00
30000677,Synthetic account 004067,1.39,1.19
40000677,Synthetic account 004068,-1.39,-1.19
10000678,Synthetic account 004069,1.40,0.00
11000678,Synthetic account 004070,-1.40,0.00
12000678,Synthetic account 004071,1.41,1.20
20000678,Synthetic account 004072,-1.41,-1.20
30000678,Synthetic account 004073,1.42,0.00
40000678,Synthetic account 004074,-1.42,0.00
10000679,Synthetic account 004075,1.43,1.21
11000679,Synthetic account 004076,-1.43,-1.21
12000679,Synthetic account 004077,1.44,0.00
20000679,Synthetic account 004078,-1.44,0.00
30000679,Synthetic account 004079,1.45,1.22
40000679,Synthetic account 004080,-1.45,-1.22
10000680,Synthetic account 004081,1.46,0.00
11000680,Synthetic account 004082,-1.46,0.00
12000680,Synthetic account 004083,1.47,1.23
20000680,Synthetic account 004084,-1.47,-1.23
30000680,Synthetic account 004085,1.48,0.00
40000680,Synthetic account 004086,-1.48,0.00
10000681,Synthetic account 004087,1.49,1.24
11000681,Synthetic account 004088,-1.49,-1.24
12000681,Synthetic account 004089,1.50,0.00
20000681,Synthetic account 004090,-1.50,0.00
30000681,Synthetic account 004091,1.51,1.25
40000681,Synthetic account 004092,-1.51,-1.25
10000682,Synthetic account 004093,1.52,0.00
11000682,Synthetic account 004094,-1.52,0.00
12000682,Synthetic account 004095,1.53,1.26
20000682,Synthetic account 004096,-1.53,-1.26
30000682,Synthetic account 004097,1.54,0.00
40000682,Synthetic account 004098,-1.54,0.00
10000683,Synthetic account 004099,1.55,1.27
11000683,Synthetic account 004100,-1.55,-1.27
12000683,Synthetic account 004101,1.56,0.00
20000683,Synthetic account 004102,-1.56,0.00
30000683,Synthetic account 004103,1.57,1.28
40000683,Synthetic account 004104,-1.57,-1.28
10000684,Synthetic account 004105,1.58,0.00
11000684,Synthetic account 004106,-1.58,0.00
12000684,Synthetic account 004107,1.59,1.29
20000684,Synthetic account 004108,-1.59,-1.29
30000684,Synthetic account 004109,1.60,0.00
40000684,Synthetic account 004110,-1.60,0.00
10000685,Synthetic account 004111,1.61,1.30
11000685,Synthetic account 004112,-1.61,-1.30
12000685,Synthetic account 004113,1.62,0.00
20000685,Synthetic account 004114,-1.62,0.00
30000685,Synthetic account 004115,1.63,1.31
40000685,Synthetic account 004116,-1.63,-1.31
10000686,Synthetic account 004117,1.64,0.00
11000686,Synthetic account 004118,-1.64,0.00
12000686,Synthetic account 004119,1.65,1.32
20000686,Synthetic account 004120,-1.65,-1.32
30000686,Synthetic account 004121,1.66,0.00
40000686,Synthetic account 004122,-1.66,0.00
10000687,Synthetic account 004123,1.67,1.33
11000687,Synthetic account 004124,-1.67,-1.33
12000687,Synthetic account 004125,1.68,0.00
20000687,Synthetic account 004126,-1.68,0.00
30000687,Synthetic account 004127,1.69,1.34
40000687,Synthetic account 004128,-1.69,-1.34
10000688,Synthetic account 004129,1.70,0.00
11000688,Synthetic account 004130,-1.70,0.00
12000688,Synthetic account 004131,1.71,1.35
20000688,Synthetic account 004132,-1.71,-1.35
30000688,Synthetic account 004133,1.72,0.00
40000688,Synthetic account 004134,-1.72,0.00
10000689,Synthetic account 004135,1.73,1.36
11000689,Synthetic account 004136,-1.73,-1.36
12000689,Synthetic account 004137,1.74,0.00
20000689,Synthetic account 004138,-1.74,0.00
30000689,Synthetic account 004139,1.75,1.37
40000689,Synthetic account 004140,-1.75,-1.37
10000690,Synthetic account 004141,1.76,0.00
11000690,"Synthetic, quoted account 004142",-1.76,0.00
12000690,Synthetic account 004143,1.77,1.38
20000690,Synthetic account 004144,-1.77,-1.38
30000690,Synthetic account 004145,1.78,0.00
40000690,Synthetic account 004146,-1.78,0.00
10000691,Synthetic account 004147,1.79,1.39
11000691,Synthetic account 004148,-1.79,-1.39
12000691,Synthetic account 004149,1.80,0.00
20000691,Synthetic account 004150,-1.80,0.00
30000691,Synthetic account 004151,1.81,1.40
40000691,Synthetic account 004152,-1.81,-1.40
10000692,Synthetic account 004153,1.82,0.00
11000692,Synthetic account 004154,-1.82,0.00
12000692,Synthetic account 004155,1.83,1.41
20000692,Synthetic account 004156,-1.83,-1.41
30000692,Synthetic account 004157,1.84,0.00
40000692,Synthetic account 004158,-1.84,0.00
10000693,Synthetic account 004159,1.85,1.42
11000693,Synthetic account 004160,-1.85,-1.42
12000693,Synthetic account 004161,1.86,0.00
20000693,Synthetic account 004162,-1.86,0.00
30000693,Synthetic account 004163,1.87,1.43
40000693,Synthetic account 004164,-1.87,-1.43
10000694,Synthetic account 004165,1.88,0.00
11000694,Synthetic account 004166,-1.88,0.00
12000694,Synthetic account 004167,1.89,1.44
20000694,Synthetic account 004168,-1.89,-1.44
30000694,Synthetic account 004169,1.90,0.00
40000694,Synthetic account 004170,-1.90,0.00
10000695,Synthetic account 004171,1.91,1.45
11000695,Synthetic account 004172,-1.91,-1.45
12000695,Synthetic account 004173,1.92,0.00
20000695,Synthetic account 004174,-1.92,0.00
30000695,Synthetic account 004175,1.93,1.46
40000695,Synthetic account 004176,-1.93,-1.46
10000696,Synthetic account 004177,1.94,0.00
11000696,Synthetic account 004178,-1.94,0.00
12000696,Synthetic account 004179,1.95,1.47
20000696,Synthetic account 004180,-1.95,-1.47
30000696,Synthetic account 004181,1.96,0.00
40000696,Synthetic account 004182,-1.96,0.00
10000697,Synthetic account 004183,1.97,1.48
11000697,Synthetic account 004184,-1.97,-1.48
12000697,Synthetic account 004185,1.98,0.00
20000697,Synthetic account 004186,-1.98,0.00
30000697,Synthetic account 004187,1.99,1.49
40000697,Synthetic account 004188,-1.99,-1.49
10000698,Synthetic account 004189,2.00,0.00
11000698,Synthetic account 004190,-2.00,0.00
12000698,Synthetic account 004191,2.01,1.50
20000698,Synthetic account 004192,-2.01,-1.50
30000698,Synthetic account 004193,2.02,0.00
40000698,Synthetic account 004194,-2.02,0.00
10000699,Synthetic account 004195,2.03,1.51
11000699,Synthetic account 004196,-2.03,-1.51
12000699,Synthetic account 004197,2.04,0.00
20000699,Synthetic account 004198,-2.04,0.00
30000699,Synthetic account 004199,2.05,1.52
40000699,Synthetic account 004200,-2.05,-1.52
10000700,Synthetic account 004201,2.06,0.00
11000700,Synthetic account 004202,-2.06,0.00
12000700,Synthetic account 004203,2.07,1.53
20000700,Synthetic account 004204,-2.07,-1.53
30000700,Synthetic account 004205,2.08,0.00
40000700,Synthetic account 004206,-2.08,0.00
10000701,Synthetic account 004207,2.09,1.54
11000701,Synthetic account 004208,-2.09,-1.54
12000701,Synthetic account 004209,2.10,0.00
20000701,Synthetic account 004210,-2.10,0.00
30000701,Synthetic account 004211,2.11,1.55
40000701,Synthetic account 004212,-2.11,-1.55
10000702,Synthetic account 004213,2.12,0.00
11000702,Synthetic account 004214,-2.12,0.00
12000702,Synthetic account 004215,2.13,1.56
20000702,Synthetic account 004216,-2.13,-1.56
30000702,Synthetic account 004217,2.14,0.00
40000702,Synthetic account 004218,-2.14,0.00
10000703,Synthetic account 004219,2.15,1.57
11000703,Synthetic account 004220,-2.15,-1.57
12000703,"Synthetic ""review"" account 004221",2.16,0.00
20000703,Synthetic account 004222,-2.16,0.00
30000703,Synthetic account 004223,2.17,1.58
40000703,Synthetic account 004224,-2.17,-1.58
10000704,Synthetic account 004225,2.18,0.00
11000704,Synthetic account 004226,-2.18,0.00
12000704,Synthetic account 004227,2.19,1.59
20000704,Synthetic account 004228,-2.19,-1.59
30000704,Synthetic account 004229,2.20,0.00
40000704,Synthetic account 004230,-2.20,0.00
10000705,Synthetic account 004231,2.21,1.60
11000705,Synthetic account 004232,-2.21,-1.60
12000705,Synthetic account 004233,2.22,0.00
20000705,Synthetic account 004234,-2.22,0.00
30000705,Synthetic account 004235,2.23,1.61
40000705,Synthetic account 004236,-2.23,-1.61
10000706,Synthetic account 004237,2.24,0.00
11000706,Synthetic account 004238,-2.24,0.00
12000706,Synthetic account 004239,2.25,1.62
20000706,Synthetic account 004240,-2.25,-1.62
30000706,Synthetic account 004241,2.26,0.00
40000706,Synthetic account 004242,-2.26,0.00
10000707,"Synthetic, quoted account 004243",2.27,1.63
11000707,Synthetic account 004244,-2.27,-1.63
12000707,Synthetic account 004245,2.28,0.00
20000707,Synthetic account 004246,-2.28,0.00
30000707,Synthetic account 004247,2.29,1.64
40000707,Synthetic account 004248,-2.29,-1.64
10000708,Synthetic account 004249,2.30,0.00
11000708,Synthetic account 004250,-2.30,0.00
12000708,Synthetic account 004251,2.31,1.65
20000708,Synthetic account 004252,-2.31,-1.65
30000708,Synthetic account 004253,2.32,0.00
40000708,Synthetic account 004254,-2.32,0.00
10000709,Synthetic account 004255,2.33,1.66
11000709,Synthetic account 004256,-2.33,-1.66
12000709,Synthetic account 004257,2.34,0.00
20000709,Synthetic account 004258,-2.34,0.00
30000709,Synthetic account 004259,2.35,1.67
40000709,Synthetic account 004260,-2.35,-1.67
10000710,Synthetic account 004261,2.36,0.00
11000710,Synthetic account 004262,-2.36,0.00
12000710,Synthetic account 004263,2.37,1.68
20000710,Synthetic account 004264,-2.37,-1.68
30000710,Synthetic account 004265,2.38,0.00
40000710,Synthetic account 004266,-2.38,0.00
10000711,Synthetic account 004267,2.39,1.69
11000711,Synthetic account 004268,-2.39,-1.69
12000711,Synthetic account 004269,2.40,0.00
20000711,Synthetic account 004270,-2.40,0.00
30000711,Synthetic account 004271,2.41,1.70
40000711,Synthetic account 004272,-2.41,-1.70
10000712,Synthetic account 004273,2.42,0.00
11000712,Synthetic account 004274,-2.42,0.00
12000712,Synthetic account 004275,2.43,1.71
20000712,Synthetic account 004276,-2.43,-1.71
30000712,Synthetic account 004277,2.44,0.00
40000712,Synthetic account 004278,-2.44,0.00
10000713,Synthetic account 004279,2.45,1.72
11000713,Synthetic account 004280,-2.45,-1.72
12000713,Synthetic account 004281,2.46,0.00
20000713,Synthetic account 004282,-2.46,0.00
30000713,Synthetic account 004283,2.47,1.73
40000713,Synthetic account 004284,-2.47,-1.73
10000714,Synthetic account 004285,2.48,0.00
11000714,Synthetic account 004286,-2.48,0.00
12000714,Synthetic account 004287,2.49,1.74
20000714,Synthetic account 004288,-2.49,-1.74
30000714,Synthetic account 004289,2.50,0.00
40000714,Synthetic account 004290,-2.50,0.00
10000715,Synthetic account 004291,2.51,1.75
11000715,Synthetic account 004292,-2.51,-1.75
12000715,Synthetic account 004293,2.52,0.00
20000715,Synthetic account 004294,-2.52,0.00
30000715,Synthetic account 004295,2.53,1.76
40000715,Synthetic account 004296,-2.53,-1.76
10000716,Synthetic account 004297,2.54,0.00
11000716,Synthetic account 004298,-2.54,0.00
12000716,Synthetic account 004299,2.55,1.77
20000716,Synthetic account 004300,-2.55,-1.77
30000716,Synthetic account 004301,2.56,0.00
40000716,Synthetic account 004302,-2.56,0.00
10000717,Synthetic account 004303,2.57,1.78
11000717,Synthetic account 004304,-2.57,-1.78
12000717,Synthetic account 004305,2.58,0.00
20000717,Synthetic account 004306,-2.58,0.00
30000717,Synthetic account 004307,2.59,1.79
40000717,Synthetic account 004308,-2.59,-1.79
10000718,Synthetic account 004309,2.60,0.00
11000718,Synthetic account 004310,-2.60,0.00
12000718,Synthetic account 004311,2.61,1.80
20000718,Synthetic account 004312,-2.61,-1.80
30000718,Synthetic account 004313,2.62,0.00
40000718,Synthetic account 004314,-2.62,0.00
10000719,Synthetic account 004315,2.63,1.81
11000719,Synthetic account 004316,-2.63,-1.81
12000719,Synthetic account 004317,2.64,0.00
20000719,Synthetic account 004318,-2.64,0.00
30000719,Synthetic account 004319,2.65,1.82
40000719,Synthetic account 004320,-2.65,-1.82
10000720,Synthetic account 004321,2.66,0.00
11000720,Synthetic account 004322,-2.66,0.00
12000720,Synthetic account 004323,2.67,1.83
20000720,Synthetic account 004324,-2.67,-1.83
30000720,Synthetic account 004325,2.68,0.00
40000720,Synthetic account 004326,-2.68,0.00
10000721,Synthetic account 004327,2.69,1.84
11000721,Synthetic account 004328,-2.69,-1.84
12000721,Synthetic account 004329,2.70,0.00
20000721,Synthetic account 004330,-2.70,0.00
30000721,Synthetic account 004331,2.71,1.85
40000721,Synthetic account 004332,-2.71,-1.85
10000722,Synthetic account 004333,2.72,0.00
11000722,Synthetic account 004334,-2.72,0.00
12000722,Synthetic account 004335,2.73,1.86
20000722,Synthetic account 004336,-2.73,-1.86
30000722,Synthetic account 004337,2.74,0.00
40000722,Synthetic account 004338,-2.74,0.00
10000723,Synthetic account 004339,2.75,1.87
11000723,Synthetic account 004340,-2.75,-1.87
12000723,Synthetic account 004341,2.76,0.00
20000723,Synthetic account 004342,-2.76,0.00
30000723,Synthetic account 004343,2.77,1.88
40000723,"Synthetic, quoted account 004344",-2.77,-1.88
10000724,Synthetic account 004345,2.78,0.00
11000724,Synthetic account 004346,-2.78,0.00
12000724,Synthetic account 004347,2.79,1.89
20000724,Synthetic account 004348,-2.79,-1.89
30000724,Synthetic account 004349,2.80,0.00
40000724,Synthetic account 004350,-2.80,0.00
10000725,Synthetic account 004351,2.81,1.90
11000725,Synthetic account 004352,-2.81,-1.90
12000725,Synthetic account 004353,2.82,0.00
20000725,Synthetic account 004354,-2.82,0.00
30000725,Synthetic account 004355,2.83,1.91
40000725,Synthetic account 004356,-2.83,-1.91
10000726,Synthetic account 004357,2.84,0.00
11000726,Synthetic account 004358,-2.84,0.00
12000726,Synthetic account 004359,2.85,1.92
20000726,Synthetic account 004360,-2.85,-1.92
30000726,Synthetic account 004361,2.86,0.00
40000726,Synthetic account 004362,-2.86,0.00
10000727,Synthetic account 004363,2.87,1.93
11000727,Synthetic account 004364,-2.87,-1.93
12000727,Synthetic account 004365,2.88,0.00
20000727,Synthetic account 004366,-2.88,0.00
30000727,Synthetic account 004367,2.89,1.94
40000727,Synthetic account 004368,-2.89,-1.94
10000728,Synthetic account 004369,2.90,0.00
11000728,Synthetic account 004370,-2.90,0.00
12000728,Synthetic account 004371,2.91,1.95
20000728,Synthetic account 004372,-2.91,-1.95
30000728,Synthetic account 004373,2.92,0.00
40000728,Synthetic account 004374,-2.92,0.00
10000729,Synthetic account 004375,2.93,1.96
11000729,Synthetic account 004376,-2.93,-1.96
12000729,Synthetic account 004377,2.94,0.00
20000729,Synthetic account 004378,-2.94,0.00
30000729,Synthetic account 004379,2.95,1.97
40000729,Synthetic account 004380,-2.95,-1.97
10000730,Synthetic account 004381,2.96,0.00
11000730,Synthetic account 004382,-2.96,0.00
12000730,Synthetic account 004383,2.97,1.98
20000730,Synthetic account 004384,-2.97,-1.98
30000730,Synthetic account 004385,2.98,0.00
40000730,Synthetic account 004386,-2.98,0.00
10000731,Synthetic account 004387,2.99,1.99
11000731,Synthetic account 004388,-2.99,-1.99
12000731,Synthetic account 004389,3.00,0.00
20000731,Synthetic account 004390,-3.00,0.00
30000731,Synthetic account 004391,3.01,2.00
40000731,Synthetic account 004392,-3.01,-2.00
10000732,Synthetic account 004393,3.02,0.00
11000732,Synthetic account 004394,-3.02,0.00
12000732,Synthetic account 004395,3.03,2.01
20000732,Synthetic account 004396,-3.03,-2.01
30000732,Synthetic account 004397,3.04,0.00
40000732,Synthetic account 004398,-3.04,0.00
10000733,Synthetic account 004399,3.05,2.02
11000733,Synthetic account 004400,-3.05,-2.02
12000733,Synthetic account 004401,3.06,0.00
20000733,Synthetic account 004402,-3.06,0.00
30000733,Synthetic account 004403,3.07,2.03
40000733,Synthetic account 004404,-3.07,-2.03
10000734,Synthetic account 004405,3.08,0.00
11000734,Synthetic account 004406,-3.08,0.00
12000734,Synthetic account 004407,3.09,2.04
20000734,Synthetic account 004408,-3.09,-2.04
30000734,Synthetic account 004409,3.10,0.00
40000734,Synthetic account 004410,-3.10,0.00
10000735,Synthetic account 004411,3.11,2.05
11000735,Synthetic account 004412,-3.11,-2.05
12000735,Synthetic account 004413,3.12,0.00
20000735,Synthetic account 004414,-3.12,0.00
30000735,Synthetic account 004415,3.13,2.06
40000735,Synthetic account 004416,-3.13,-2.06
10000736,Synthetic account 004417,3.14,0.00
11000736,Synthetic account 004418,-3.14,0.00
12000736,Synthetic account 004419,3.15,2.07
20000736,Synthetic account 004420,-3.15,-2.07
30000736,Synthetic account 004421,3.16,0.00
40000736,Synthetic account 004422,-3.16,0.00
10000737,Synthetic account 004423,3.17,2.08
11000737,Synthetic account 004424,-3.17,-2.08
12000737,Synthetic account 004425,3.18,0.00
20000737,Synthetic account 004426,-3.18,0.00
30000737,Synthetic account 004427,3.19,2.09
40000737,Synthetic account 004428,-3.19,-2.09
10000738,Synthetic account 004429,3.20,0.00
11000738,Synthetic account 004430,-3.20,0.00
12000738,Synthetic account 004431,3.21,2.10
20000738,"Synthetic ""review"" account 004432",-3.21,-2.10
30000738,Synthetic account 004433,3.22,0.00
40000738,Synthetic account 004434,-3.22,0.00
10000739,Synthetic account 004435,3.23,2.11
11000739,Synthetic account 004436,-3.23,-2.11
12000739,Synthetic account 004437,3.24,0.00
20000739,Synthetic account 004438,-3.24,0.00
30000739,Synthetic account 004439,3.25,2.12
40000739,Synthetic account 004440,-3.25,-2.12
10000740,Synthetic account 004441,3.26,0.00
11000740,Synthetic account 004442,-3.26,0.00
12000740,Synthetic account 004443,3.27,2.13
20000740,Synthetic account 004444,-3.27,-2.13
30000740,"Synthetic, quoted account 004445",3.28,0.00
40000740,Synthetic account 004446,-3.28,0.00
10000741,Synthetic account 004447,3.29,2.14
11000741,Synthetic account 004448,-3.29,-2.14
12000741,Synthetic account 004449,3.30,0.00
20000741,Synthetic account 004450,-3.30,0.00
30000741,Synthetic account 004451,3.31,2.15
40000741,Synthetic account 004452,-3.31,-2.15
10000742,Synthetic account 004453,3.32,0.00
11000742,Synthetic account 004454,-3.32,0.00
12000742,Synthetic account 004455,3.33,2.16
20000742,Synthetic account 004456,-3.33,-2.16
30000742,Synthetic account 004457,3.34,0.00
40000742,Synthetic account 004458,-3.34,0.00
10000743,Synthetic account 004459,3.35,2.17
11000743,Synthetic account 004460,-3.35,-2.17
12000743,Synthetic account 004461,3.36,0.00
20000743,Synthetic account 004462,-3.36,0.00
30000743,Synthetic account 004463,3.37,2.18
40000743,Synthetic account 004464,-3.37,-2.18
10000744,Synthetic account 004465,3.38,0.00
11000744,Synthetic account 004466,-3.38,0.00
12000744,Synthetic account 004467,3.39,2.19
20000744,Synthetic account 004468,-3.39,-2.19
30000744,Synthetic account 004469,3.40,0.00
40000744,Synthetic account 004470,-3.40,0.00
10000745,Synthetic account 004471,3.41,2.20
11000745,Synthetic account 004472,-3.41,-2.20
12000745,Synthetic account 004473,3.42,0.00
20000745,Synthetic account 004474,-3.42,0.00
30000745,Synthetic account 004475,3.43,2.21
40000745,Synthetic account 004476,-3.43,-2.21
10000746,Synthetic account 004477,3.44,0.00
11000746,Synthetic account 004478,-3.44,0.00
12000746,Synthetic account 004479,3.45,2.22
20000746,Synthetic account 004480,-3.45,-2.22
30000746,Synthetic account 004481,3.46,0.00
40000746,Synthetic account 004482,-3.46,0.00
10000747,Synthetic account 004483,3.47,2.23
11000747,Synthetic account 004484,-3.47,-2.23
12000747,Synthetic account 004485,3.48,0.00
20000747,Synthetic account 004486,-3.48,0.00
30000747,Synthetic account 004487,3.49,2.24
40000747,Synthetic account 004488,-3.49,-2.24
10000748,Synthetic account 004489,3.50,0.00
11000748,Synthetic account 004490,-3.50,0.00
12000748,Synthetic account 004491,3.51,2.25
20000748,Synthetic account 004492,-3.51,-2.25
30000748,Synthetic account 004493,3.52,0.00
40000748,Synthetic account 004494,-3.52,0.00
10000749,Synthetic account 004495,3.53,2.26
11000749,Synthetic account 004496,-3.53,-2.26
12000749,Synthetic account 004497,3.54,0.00
20000749,Synthetic account 004498,-3.54,0.00
30000749,Synthetic account 004499,3.55,2.27
40000749,Synthetic account 004500,-3.55,-2.27
10000750,Synthetic account 004501,3.56,0.00
11000750,Synthetic account 004502,-3.56,0.00
12000750,Synthetic account 004503,3.57,2.28
20000750,Synthetic account 004504,-3.57,-2.28
30000750,Synthetic account 004505,3.58,0.00
40000750,Synthetic account 004506,-3.58,0.00
10000751,Synthetic account 004507,3.59,2.29
11000751,Synthetic account 004508,-3.59,-2.29
12000751,Synthetic account 004509,3.60,0.00
20000751,Synthetic account 004510,-3.60,0.00
30000751,Synthetic account 004511,3.61,2.30
40000751,Synthetic account 004512,-3.61,-2.30
10000752,Synthetic account 004513,3.62,0.00
11000752,Synthetic account 004514,-3.62,0.00
12000752,Synthetic account 004515,3.63,2.31
20000752,Synthetic account 004516,-3.63,-2.31
30000752,Synthetic account 004517,3.64,0.00
40000752,Synthetic account 004518,-3.64,0.00
10000753,Synthetic account 004519,3.65,2.32
11000753,Synthetic account 004520,-3.65,-2.32
12000753,Synthetic account 004521,3.66,0.00
20000753,Synthetic account 004522,-3.66,0.00
30000753,Synthetic account 004523,3.67,2.33
40000753,Synthetic account 004524,-3.67,-2.33
10000754,Synthetic account 004525,3.68,0.00
11000754,Synthetic account 004526,-3.68,0.00
12000754,Synthetic account 004527,3.69,2.34
20000754,Synthetic account 004528,-3.69,-2.34
30000754,Synthetic account 004529,3.70,0.00
40000754,Synthetic account 004530,-3.70,0.00
10000755,Synthetic account 004531,3.71,2.35
11000755,Synthetic account 004532,-3.71,-2.35
12000755,Synthetic account 004533,3.72,0.00
20000755,Synthetic account 004534,-3.72,0.00
30000755,Synthetic account 004535,3.73,2.36
40000755,Synthetic account 004536,-3.73,-2.36
10000756,Synthetic account 004537,3.74,0.00
11000756,Synthetic account 004538,-3.74,0.00
12000756,Synthetic account 004539,3.75,2.37
20000756,Synthetic account 004540,-3.75,-2.37
30000756,Synthetic account 004541,3.76,0.00
40000756,Synthetic account 004542,-3.76,0.00
10000757,Synthetic account 004543,3.77,2.38
11000757,Synthetic account 004544,-3.77,-2.38
12000757,Synthetic account 004545,3.78,0.00
20000757,"Synthetic, quoted account 004546",-3.78,0.00
30000757,Synthetic account 004547,3.79,2.39
40000757,Synthetic account 004548,-3.79,-2.39
10000758,Synthetic account 004549,3.80,0.00
11000758,Synthetic account 004550,-3.80,0.00
12000758,Synthetic account 004551,3.81,2.40
20000758,Synthetic account 004552,-3.81,-2.40
30000758,Synthetic account 004553,3.82,0.00
40000758,Synthetic account 004554,-3.82,0.00
10000759,Synthetic account 004555,3.83,2.41
11000759,Synthetic account 004556,-3.83,-2.41
12000759,Synthetic account 004557,3.84,0.00
20000759,Synthetic account 004558,-3.84,0.00
30000759,Synthetic account 004559,3.85,2.42
40000759,Synthetic account 004560,-3.85,-2.42
10000760,Synthetic account 004561,3.86,0.00
11000760,Synthetic account 004562,-3.86,0.00
12000760,Synthetic account 004563,3.87,2.43
20000760,Synthetic account 004564,-3.87,-2.43
30000760,Synthetic account 004565,3.88,0.00
40000760,Synthetic account 004566,-3.88,0.00
10000761,Synthetic account 004567,3.89,2.44
11000761,Synthetic account 004568,-3.89,-2.44
12000761,Synthetic account 004569,3.90,0.00
20000761,Synthetic account 004570,-3.90,0.00
30000761,Synthetic account 004571,3.91,2.45
40000761,Synthetic account 004572,-3.91,-2.45
10000762,Synthetic account 004573,3.92,0.00
11000762,Synthetic account 004574,-3.92,0.00
12000762,Synthetic account 004575,3.93,2.46
20000762,Synthetic account 004576,-3.93,-2.46
30000762,Synthetic account 004577,3.94,0.00
40000762,Synthetic account 004578,-3.94,0.00
10000763,Synthetic account 004579,3.95,2.47
11000763,Synthetic account 004580,-3.95,-2.47
12000763,Synthetic account 004581,3.96,0.00
20000763,Synthetic account 004582,-3.96,0.00
30000763,Synthetic account 004583,3.97,2.48
40000763,Synthetic account 004584,-3.97,-2.48
10000764,Synthetic account 004585,3.98,0.00
11000764,Synthetic account 004586,-3.98,0.00
12000764,Synthetic account 004587,3.99,2.49
20000764,Synthetic account 004588,-3.99,-2.49
30000764,Synthetic account 004589,4.00,0.00
40000764,Synthetic account 004590,-4.00,0.00
10000765,Synthetic account 004591,4.01,2.50
11000765,Synthetic account 004592,-4.01,-2.50
12000765,Synthetic account 004593,4.02,0.00
20000765,Synthetic account 004594,-4.02,0.00
30000765,Synthetic account 004595,4.03,2.51
40000765,Synthetic account 004596,-4.03,-2.51
10000766,Synthetic account 004597,4.04,0.00
11000766,Synthetic account 004598,-4.04,0.00
12000766,Synthetic account 004599,4.05,2.52
20000766,Synthetic account 004600,-4.05,-2.52
30000766,Synthetic account 004601,4.06,0.00
40000766,Synthetic account 004602,-4.06,0.00
10000767,Synthetic account 004603,4.07,2.53
11000767,Synthetic account 004604,-4.07,-2.53
12000767,Synthetic account 004605,4.08,0.00
20000767,Synthetic account 004606,-4.08,0.00
30000767,Synthetic account 004607,4.09,2.54
40000767,Synthetic account 004608,-4.09,-2.54
10000768,Synthetic account 004609,4.10,0.00
11000768,Synthetic account 004610,-4.10,0.00
12000768,Synthetic account 004611,4.11,2.55
20000768,Synthetic account 004612,-4.11,-2.55
30000768,Synthetic account 004613,4.12,0.00
40000768,Synthetic account 004614,-4.12,0.00
10000769,Synthetic account 004615,4.13,2.56
11000769,Synthetic account 004616,-4.13,-2.56
12000769,Synthetic account 004617,4.14,0.00
20000769,Synthetic account 004618,-4.14,0.00
30000769,Synthetic account 004619,4.15,2.57
40000769,Synthetic account 004620,-4.15,-2.57
10000770,Synthetic account 004621,4.16,0.00
11000770,Synthetic account 004622,-4.16,0.00
12000770,Synthetic account 004623,4.17,2.58
20000770,Synthetic account 004624,-4.17,-2.58
30000770,Synthetic account 004625,4.18,0.00
40000770,Synthetic account 004626,-4.18,0.00
10000771,Synthetic account 004627,4.19,2.59
11000771,Synthetic account 004628,-4.19,-2.59
12000771,Synthetic account 004629,4.20,0.00
20000771,Synthetic account 004630,-4.20,0.00
30000771,Synthetic account 004631,4.21,2.60
40000771,Synthetic account 004632,-4.21,-2.60
10000772,Synthetic account 004633,4.22,0.00
11000772,Synthetic account 004634,-4.22,0.00
12000772,Synthetic account 004635,4.23,2.61
20000772,Synthetic account 004636,-4.23,-2.61
30000772,Synthetic account 004637,4.24,0.00
40000772,Synthetic account 004638,-4.24,0.00
10000773,Synthetic account 004639,4.25,2.62
11000773,Synthetic account 004640,-4.25,-2.62
12000773,Synthetic account 004641,4.26,0.00
20000773,Synthetic account 004642,-4.26,0.00
30000773,"Synthetic ""review"" account 004643",4.27,2.63
40000773,Synthetic account 004644,-4.27,-2.63
10000774,Synthetic account 004645,4.28,0.00
11000774,Synthetic account 004646,-4.28,0.00
12000774,"Synthetic, quoted account 004647",4.29,2.64
20000774,Synthetic account 004648,-4.29,-2.64
30000774,Synthetic account 004649,4.30,0.00
40000774,Synthetic account 004650,-4.30,0.00
10000775,Synthetic account 004651,4.31,2.65
11000775,Synthetic account 004652,-4.31,-2.65
12000775,Synthetic account 004653,4.32,0.00
20000775,Synthetic account 004654,-4.32,0.00
30000775,Synthetic account 004655,4.33,2.66
40000775,Synthetic account 004656,-4.33,-2.66
10000776,Synthetic account 004657,4.34,0.00
11000776,Synthetic account 004658,-4.34,0.00
12000776,Synthetic account 004659,4.35,2.67
20000776,Synthetic account 004660,-4.35,-2.67
30000776,Synthetic account 004661,4.36,0.00
40000776,Synthetic account 004662,-4.36,0.00
10000777,Synthetic account 004663,4.37,2.68
11000777,Synthetic account 004664,-4.37,-2.68
12000777,Synthetic account 004665,4.38,0.00
20000777,Synthetic account 004666,-4.38,0.00
30000777,Synthetic account 004667,4.39,2.69
40000777,Synthetic account 004668,-4.39,-2.69
10000778,Synthetic account 004669,4.40,0.00
11000778,Synthetic account 004670,-4.40,0.00
12000778,Synthetic account 004671,4.41,2.70
20000778,Synthetic account 004672,-4.41,-2.70
30000778,Synthetic account 004673,4.42,0.00
40000778,Synthetic account 004674,-4.42,0.00
10000779,Synthetic account 004675,4.43,2.71
11000779,Synthetic account 004676,-4.43,-2.71
12000779,Synthetic account 004677,4.44,0.00
20000779,Synthetic account 004678,-4.44,0.00
30000779,Synthetic account 004679,4.45,2.72
40000779,Synthetic account 004680,-4.45,-2.72
10000780,Synthetic account 004681,4.46,0.00
11000780,Synthetic account 004682,-4.46,0.00
12000780,Synthetic account 004683,4.47,2.73
20000780,Synthetic account 004684,-4.47,-2.73
30000780,Synthetic account 004685,4.48,0.00
40000780,Synthetic account 004686,-4.48,0.00
10000781,Synthetic account 004687,4.49,2.74
11000781,Synthetic account 004688,-4.49,-2.74
12000781,Synthetic account 004689,4.50,0.00
20000781,Synthetic account 004690,-4.50,0.00
30000781,Synthetic account 004691,4.51,2.75
40000781,Synthetic account 004692,-4.51,-2.75
10000782,Synthetic account 004693,4.52,0.00
11000782,Synthetic account 004694,-4.52,0.00
12000782,Synthetic account 004695,4.53,2.76
20000782,Synthetic account 004696,-4.53,-2.76
30000782,Synthetic account 004697,4.54,0.00
40000782,Synthetic account 004698,-4.54,0.00
10000783,Synthetic account 004699,4.55,2.77
11000783,Synthetic account 004700,-4.55,-2.77
12000783,Synthetic account 004701,4.56,0.00
20000783,Synthetic account 004702,-4.56,0.00
30000783,Synthetic account 004703,4.57,2.78
40000783,Synthetic account 004704,-4.57,-2.78
10000784,Synthetic account 004705,4.58,0.00
11000784,Synthetic account 004706,-4.58,0.00
12000784,Synthetic account 004707,4.59,2.79
20000784,Synthetic account 004708,-4.59,-2.79
30000784,Synthetic account 004709,4.60,0.00
40000784,Synthetic account 004710,-4.60,0.00
10000785,Synthetic account 004711,4.61,2.80
11000785,Synthetic account 004712,-4.61,-2.80
12000785,Synthetic account 004713,4.62,0.00
20000785,Synthetic account 004714,-4.62,0.00
30000785,Synthetic account 004715,4.63,2.81
40000785,Synthetic account 004716,-4.63,-2.81
10000786,Synthetic account 004717,4.64,0.00
11000786,Synthetic account 004718,-4.64,0.00
12000786,Synthetic account 004719,4.65,2.82
20000786,Synthetic account 004720,-4.65,-2.82
30000786,Synthetic account 004721,4.66,0.00
40000786,Synthetic account 004722,-4.66,0.00
10000787,Synthetic account 004723,4.67,2.83
11000787,Synthetic account 004724,-4.67,-2.83
12000787,Synthetic account 004725,4.68,0.00
20000787,Synthetic account 004726,-4.68,0.00
30000787,Synthetic account 004727,4.69,2.84
40000787,Synthetic account 004728,-4.69,-2.84
10000788,Synthetic account 004729,4.70,0.00
11000788,Synthetic account 004730,-4.70,0.00
12000788,Synthetic account 004731,4.71,2.85
20000788,Synthetic account 004732,-4.71,-2.85
30000788,Synthetic account 004733,4.72,0.00
40000788,Synthetic account 004734,-4.72,0.00
10000789,Synthetic account 004735,4.73,2.86
11000789,Synthetic account 004736,-4.73,-2.86
12000789,Synthetic account 004737,4.74,0.00
20000789,Synthetic account 004738,-4.74,0.00
30000789,Synthetic account 004739,4.75,2.87
40000789,Synthetic account 004740,-4.75,-2.87
10000790,Synthetic account 004741,4.76,0.00
11000790,Synthetic account 004742,-4.76,0.00
12000790,Synthetic account 004743,4.77,2.88
20000790,Synthetic account 004744,-4.77,-2.88
30000790,Synthetic account 004745,4.78,0.00
40000790,Synthetic account 004746,-4.78,0.00
10000791,Synthetic account 004747,4.79,2.89
11000791,"Synthetic, quoted account 004748",-4.79,-2.89
12000791,Synthetic account 004749,4.80,0.00
20000791,Synthetic account 004750,-4.80,0.00
30000791,Synthetic account 004751,4.81,2.90
40000791,Synthetic account 004752,-4.81,-2.90
10000792,Synthetic account 004753,4.82,0.00
11000792,Synthetic account 004754,-4.82,0.00
12000792,Synthetic account 004755,4.83,2.91
20000792,Synthetic account 004756,-4.83,-2.91
30000792,Synthetic account 004757,4.84,0.00
40000792,Synthetic account 004758,-4.84,0.00
10000793,Synthetic account 004759,4.85,2.92
11000793,Synthetic account 004760,-4.85,-2.92
12000793,Synthetic account 004761,4.86,0.00
20000793,Synthetic account 004762,-4.86,0.00
30000793,Synthetic account 004763,4.87,2.93
40000793,Synthetic account 004764,-4.87,-2.93
10000794,Synthetic account 004765,4.88,0.00
11000794,Synthetic account 004766,-4.88,0.00
12000794,Synthetic account 004767,4.89,2.94
20000794,Synthetic account 004768,-4.89,-2.94
30000794,Synthetic account 004769,4.90,0.00
40000794,Synthetic account 004770,-4.90,0.00
10000795,Synthetic account 004771,4.91,2.95
11000795,Synthetic account 004772,-4.91,-2.95
12000795,Synthetic account 004773,4.92,0.00
20000795,Synthetic account 004774,-4.92,0.00
30000795,Synthetic account 004775,4.93,2.96
40000795,Synthetic account 004776,-4.93,-2.96
10000796,Synthetic account 004777,4.94,0.00
11000796,Synthetic account 004778,-4.94,0.00
12000796,Synthetic account 004779,4.95,2.97
20000796,Synthetic account 004780,-4.95,-2.97
30000796,Synthetic account 004781,4.96,0.00
40000796,Synthetic account 004782,-4.96,0.00
10000797,Synthetic account 004783,4.97,2.98
11000797,Synthetic account 004784,-4.97,-2.98
12000797,Synthetic account 004785,4.98,0.00
20000797,Synthetic account 004786,-4.98,0.00
30000797,Synthetic account 004787,4.99,2.99
40000797,Synthetic account 004788,-4.99,-2.99
10000798,Synthetic account 004789,5.00,0.00
11000798,Synthetic account 004790,-5.00,0.00
12000798,Synthetic account 004791,5.01,3.00
20000798,Synthetic account 004792,-5.01,-3.00
30000798,Synthetic account 004793,5.02,0.00
40000798,Synthetic account 004794,-5.02,0.00
10000799,Synthetic account 004795,5.03,3.01
11000799,Synthetic account 004796,-5.03,-3.01
12000799,Synthetic account 004797,5.04,0.00
20000799,Synthetic account 004798,-5.04,0.00
30000799,Synthetic account 004799,5.05,3.02
40000799,Synthetic account 004800,-5.05,-3.02
10000800,Synthetic account 004801,5.06,0.00
11000800,Synthetic account 004802,-5.06,0.00
12000800,Synthetic account 004803,5.07,3.03
20000800,Synthetic account 004804,-5.07,-3.03
30000800,Synthetic account 004805,5.08,0.00
40000800,Synthetic account 004806,-5.08,0.00
10000801,Synthetic account 004807,5.09,3.04
11000801,Synthetic account 004808,-5.09,-3.04
12000801,Synthetic account 004809,5.10,0.00
20000801,Synthetic account 004810,-5.10,0.00
30000801,Synthetic account 004811,5.11,3.05
40000801,Synthetic account 004812,-5.11,-3.05
10000802,Synthetic account 004813,5.12,0.00
11000802,Synthetic account 004814,-5.12,0.00
12000802,Synthetic account 004815,5.13,3.06
20000802,Synthetic account 004816,-5.13,-3.06
30000802,Synthetic account 004817,5.14,0.00
40000802,Synthetic account 004818,-5.14,0.00
10000803,Synthetic account 004819,5.15,3.07
11000803,Synthetic account 004820,-5.15,-3.07
12000803,Synthetic account 004821,5.16,0.00
20000803,Synthetic account 004822,-5.16,0.00
30000803,Synthetic account 004823,5.17,3.08
40000803,Synthetic account 004824,-5.17,-3.08
10000804,Synthetic account 004825,5.18,0.00
11000804,Synthetic account 004826,-5.18,0.00
12000804,Synthetic account 004827,5.19,3.09
20000804,Synthetic account 004828,-5.19,-3.09
30000804,Synthetic account 004829,5.20,0.00
40000804,Synthetic account 004830,-5.20,0.00
10000805,Synthetic account 004831,5.21,3.10
11000805,Synthetic account 004832,-5.21,-3.10
12000805,Synthetic account 004833,5.22,0.00
20000805,Synthetic account 004834,-5.22,0.00
30000805,Synthetic account 004835,5.23,3.11
40000805,Synthetic account 004836,-5.23,-3.11
10000806,Synthetic account 004837,5.24,0.00
11000806,Synthetic account 004838,-5.24,0.00
12000806,Synthetic account 004839,5.25,3.12
20000806,Synthetic account 004840,-5.25,-3.12
30000806,Synthetic account 004841,5.26,0.00
40000806,Synthetic account 004842,-5.26,0.00
10000807,Synthetic account 004843,5.27,3.13
11000807,Synthetic account 004844,-5.27,-3.13
12000807,Synthetic account 004845,5.28,0.00
20000807,Synthetic account 004846,-5.28,0.00
30000807,Synthetic account 004847,5.29,3.14
40000807,Synthetic account 004848,-5.29,-3.14
10000808,"Synthetic, quoted account 004849",5.30,0.00
11000808,Synthetic account 004850,-5.30,0.00
12000808,Synthetic account 004851,5.31,3.15
20000808,Synthetic account 004852,-5.31,-3.15
30000808,Synthetic account 004853,5.32,0.00
40000808,"Synthetic ""review"" account 004854",-5.32,0.00
10000809,Synthetic account 004855,5.33,3.16
11000809,Synthetic account 004856,-5.33,-3.16
12000809,Synthetic account 004857,5.34,0.00
20000809,Synthetic account 004858,-5.34,0.00
30000809,Synthetic account 004859,5.35,3.17
40000809,Synthetic account 004860,-5.35,-3.17
10000810,Synthetic account 004861,5.36,0.00
11000810,Synthetic account 004862,-5.36,0.00
12000810,Synthetic account 004863,5.37,3.18
20000810,Synthetic account 004864,-5.37,-3.18
30000810,Synthetic account 004865,5.38,0.00
40000810,Synthetic account 004866,-5.38,0.00
10000811,Synthetic account 004867,5.39,3.19
11000811,Synthetic account 004868,-5.39,-3.19
12000811,Synthetic account 004869,5.40,0.00
20000811,Synthetic account 004870,-5.40,0.00
30000811,Synthetic account 004871,5.41,3.20
40000811,Synthetic account 004872,-5.41,-3.20
10000812,Synthetic account 004873,5.42,0.00
11000812,Synthetic account 004874,-5.42,0.00
12000812,Synthetic account 004875,5.43,3.21
20000812,Synthetic account 004876,-5.43,-3.21
30000812,Synthetic account 004877,5.44,0.00
40000812,Synthetic account 004878,-5.44,0.00
10000813,Synthetic account 004879,5.45,3.22
11000813,Synthetic account 004880,-5.45,-3.22
12000813,Synthetic account 004881,5.46,0.00
20000813,Synthetic account 004882,-5.46,0.00
30000813,Synthetic account 004883,5.47,3.23
40000813,Synthetic account 004884,-5.47,-3.23
10000814,Synthetic account 004885,5.48,0.00
11000814,Synthetic account 004886,-5.48,0.00
12000814,Synthetic account 004887,5.49,3.24
20000814,Synthetic account 004888,-5.49,-3.24
30000814,Synthetic account 004889,5.50,0.00
40000814,Synthetic account 004890,-5.50,0.00
10000815,Synthetic account 004891,5.51,3.25
11000815,Synthetic account 004892,-5.51,-3.25
12000815,Synthetic account 004893,5.52,0.00
20000815,Synthetic account 004894,-5.52,0.00
30000815,Synthetic account 004895,5.53,3.26
40000815,Synthetic account 004896,-5.53,-3.26
10000816,Synthetic account 004897,5.54,0.00
11000816,Synthetic account 004898,-5.54,0.00
12000816,Synthetic account 004899,5.55,3.27
20000816,Synthetic account 004900,-5.55,-3.27
30000816,Synthetic account 004901,5.56,0.00
40000816,Synthetic account 004902,-5.56,0.00
10000817,Synthetic account 004903,5.57,3.28
11000817,Synthetic account 004904,-5.57,-3.28
12000817,Synthetic account 004905,5.58,0.00
20000817,Synthetic account 004906,-5.58,0.00
30000817,Synthetic account 004907,5.59,3.29
40000817,Synthetic account 004908,-5.59,-3.29
10000818,Synthetic account 004909,5.60,0.00
11000818,Synthetic account 004910,-5.60,0.00
12000818,Synthetic account 004911,5.61,3.30
20000818,Synthetic account 004912,-5.61,-3.30
30000818,Synthetic account 004913,5.62,0.00
40000818,Synthetic account 004914,-5.62,0.00
10000819,Synthetic account 004915,5.63,3.31
11000819,Synthetic account 004916,-5.63,-3.31
12000819,Synthetic account 004917,5.64,0.00
20000819,Synthetic account 004918,-5.64,0.00
30000819,Synthetic account 004919,5.65,3.32
40000819,Synthetic account 004920,-5.65,-3.32
10000820,Synthetic account 004921,5.66,0.00
11000820,Synthetic account 004922,-5.66,0.00
12000820,Synthetic account 004923,5.67,3.33
20000820,Synthetic account 004924,-5.67,-3.33
30000820,Synthetic account 004925,5.68,0.00
40000820,Synthetic account 004926,-5.68,0.00
10000821,Synthetic account 004927,5.69,3.34
11000821,Synthetic account 004928,-5.69,-3.34
12000821,Synthetic account 004929,5.70,0.00
20000821,Synthetic account 004930,-5.70,0.00
30000821,Synthetic account 004931,5.71,3.35
40000821,Synthetic account 004932,-5.71,-3.35
10000822,Synthetic account 004933,5.72,0.00
11000822,Synthetic account 004934,-5.72,0.00
12000822,Synthetic account 004935,5.73,3.36
20000822,Synthetic account 004936,-5.73,-3.36
30000822,Synthetic account 004937,5.74,0.00
40000822,Synthetic account 004938,-5.74,0.00
10000823,Synthetic account 004939,5.75,3.37
11000823,Synthetic account 004940,-5.75,-3.37
12000823,Synthetic account 004941,5.76,0.00
20000823,Synthetic account 004942,-5.76,0.00
30000823,Synthetic account 004943,5.77,3.38
40000823,Synthetic account 004944,-5.77,-3.38
10000824,Synthetic account 004945,5.78,0.00
11000824,Synthetic account 004946,-5.78,0.00
12000824,Synthetic account 004947,5.79,3.39
20000824,Synthetic account 004948,-5.79,-3.39
30000824,Synthetic account 004949,5.80,0.00
40000824,"Synthetic, quoted account 004950",-5.80,0.00
10000825,Synthetic account 004951,5.81,3.40
11000825,Synthetic account 004952,-5.81,-3.40
12000825,Synthetic account 004953,5.82,0.00
20000825,Synthetic account 004954,-5.82,0.00
30000825,Synthetic account 004955,5.83,3.41
40000825,Synthetic account 004956,-5.83,-3.41
10000826,Synthetic account 004957,5.84,0.00
11000826,Synthetic account 004958,-5.84,0.00
12000826,Synthetic account 004959,5.85,3.42
20000826,Synthetic account 004960,-5.85,-3.42
30000826,Synthetic account 004961,5.86,0.00
40000826,Synthetic account 004962,-5.86,0.00
10000827,Synthetic account 004963,5.87,3.43
11000827,Synthetic account 004964,-5.87,-3.43
12000827,Synthetic account 004965,5.88,0.00
20000827,Synthetic account 004966,-5.88,0.00
30000827,Synthetic account 004967,5.89,3.44
40000827,Synthetic account 004968,-5.89,-3.44
10000828,Synthetic account 004969,5.90,0.00
11000828,Synthetic account 004970,-5.90,0.00
12000828,Synthetic account 004971,5.91,3.45
20000828,Synthetic account 004972,-5.91,-3.45
30000828,Synthetic account 004973,5.92,0.00
40000828,Synthetic account 004974,-5.92,0.00
10000829,Synthetic account 004975,5.93,3.46
11000829,Synthetic account 004976,-5.93,-3.46
12000829,Synthetic account 004977,5.94,0.00
20000829,Synthetic account 004978,-5.94,0.00
30000829,Synthetic account 004979,5.95,3.47
40000829,Synthetic account 004980,-5.95,-3.47
10000830,Synthetic account 004981,5.96,0.00
11000830,Synthetic account 004982,-5.96,0.00
12000830,Synthetic account 004983,5.97,3.48
20000830,Synthetic account 004984,-5.97,-3.48
30000830,Synthetic account 004985,5.98,0.00
40000830,Synthetic account 004986,-5.98,0.00
10000831,Synthetic account 004987,5.99,3.49
11000831,Synthetic account 004988,-5.99,-3.49
12000831,Synthetic account 004989,6.00,0.00
20000831,Synthetic account 004990,-6.00,0.00
30000831,Synthetic account 004991,6.01,3.50
40000831,Synthetic account 004992,-6.01,-3.50
10000832,Synthetic account 004993,6.02,0.00
11000832,Synthetic account 004994,-6.02,0.00
12000832,Synthetic account 004995,6.03,3.51
20000832,Synthetic account 004996,-6.03,-3.51
30000832,Synthetic account 004997,6.04,0.00
40000832,Synthetic account 004998,-6.04,0.00
10000833,Synthetic account 004999,6.05,3.52
11000833,Synthetic account 005000,-6.05,-3.52
